REFCODE,CC,CH,CCl,CO,CS,CBr,CN,HBr,HH,HO,HS,HCl,HN,OCl,OO,OS,BrO,ON,NN,ClCl,NS,SS,NCl,SCl,ClBr,SBr,NBr,BrBr,FF,FO,FC,FH,FS,FCl,FN,FBr,II,BrI,ClI,FI,SI,OI,NI,CI,HI,BAND GAP
RICBUB,10.8,15.8,0,0,0,1.4,0,37.7,31.4,0,0,0,0,0,0,0,0,0,0,0,0,0,0,0,0,0,0,2.9,0,0,0,0,0,0,0,0,0,0,0,0,0,0,0,0,0,2.431
RINFAX,11.7,27.4,0,0,0,0,0.3,0,30.7,27.3,0,0,2.6,0,0,0,0,0,0,0,0,0,0,0,0,0,0,0,0,0,0,0,0,0,0,0,0,0,0,0,0,0,0,0,0,2.747
RIGVEJ02,7,9.2,0,7.6,0,0,2.2,0,10.3,12,0,0,0.2,0,3.3,0,0,0,0,0,0,0,0,0,0,0,0,0,14.9,0,10.6,22.5,0,0,0,0,0,0,0,0,0,0,0,0,0,2.496
ROMMUC,2,12.8,1.5,0.1,0,0,0.1,0,25.6,4.4,0,11.1,5.9,0,0,0,0,1,0,1.1,0,0,0.5,0,0,0,0,0,0,0.3,8.2,24.4,0,1,0,0,0,0,0,0,0,0,0,0,0,3.017
RUNKIW,17.5,10.5,0,0,0,0,4.3,0,28.3,0,0,0,11,0,0,0,0,0,0.3,0,0,0,0,0,0,0,0,0,2,0,4.6,21.2,0,0,0.3,0,0,0,0,0,0,0,0,0,0,1.221
RUNKOC,16.2,15.3,0,0,0,0,3.9,0,24.1,0,0,0,10.8,0,0,0,0,0,0.4,0,0,0,0,0,0,0,0,0,1.1,0,2.5,25.2,0,0,0.5,0,0,0,0,0,0,0,0,0,0,1.19
RUNKUI,15.7,8.4,0,0,0,0,4.1,0,9.5,0,0,0,9.7,0,0,0,0,0,0.1,0,0,0,0,0,0,0,0,0,6.4,0,9,36,0,0,1.2,0,0,0,0,0,0,0,0,0,0,1.108
RUNLAP,16,11.3,0,0,0,0,3.5,0,5.8,0,0,0,7.9,0,0,0,0,0,0.3,0,0,0,0,0,0,0,0,0,13.1,0,9.9,31.6,0,0,0.6,0,0,0,0,0,0,0,0,0,0,0.734
SOFWIV01,0,29,0,0,0,4.7,0,41.6,11.5,0,0,0,0,0,0,0,0,0,0,0,0,0,0,0,0,0,0,13.2,0,0,0,0,0,0,0,0,0,0,0,0,0,0,0,0,0,3.822
SOYYAI,7.2,13,0,3.4,0,1.7,0,26.6,11.7,14.8,0,0,0,0,0,0,0,0,0,0,0,0,0,0,0,0,0,4.1,4,4.1,3.3,6.2,0,0,0,0,0,0,0,0,0,0,0,0,0,2.434
SIBTAZ,14.1,15.7,0.3,0,0,3.1,1.5,6.2,11,0,0,20.2,0.4,0,0,0,0,0,0,1.8,0,0,0,0,0,0,3.7,1.5,0,0,6.5,11,0,1.6,1.4,0,0,0,0,0,0,0,0,0,0,2.457
SODQEJ,5.6,32.4,0,0,0,0,1.4,0,54.7,0,0,0,5.9,0,0,0,0,0,0,0,0,0,0,0,0,0,0,0,0,0,0,0,0,0,0,0,0,0,0,0,0,0,0,0,0,2.427
SUNSUQ,4.5,23.6,0,0,0,0.8,4.8,17.8,42.6,0,0,0,5.7,0,0,0,0,0,0.3,0,0,0,0,0,0,0,0,0,0,0,0,0,0,0,0,0,0,0,0,0,0,0,0,0,0,2.363
SUNTIF,18.6,11.8,0,0,0,2.1,1.5,15.2,33,0,0,0,17.7,0,0,0,0,0,0,0,0,0,0,0,0,0,0,0.2,0,0,0,0,0,0,0,0,0,0,0,0,0,0,0,0,0,2.043
TAHGAK01,0,19.9,0,0,0,9.2,0,22.6,32.6,0,0,0,0,0,0,0,0,0,0,0,0,0,0,0,0,0,0,15.7,0,0,0,0,0,0,0,0,0,0,0,0,0,0,0,0,0,3.61
TARPAF01,18.8,16,0,0,0,0,4.9,0,22.5,0,0,0,37.7,0,0,0,0,0,0.2,0,0,0,0,0,0,0,0,0,0,0,0,0,0,0,0,0,0,0,0,0,0,0,0,0,0,2.551
TEFPUR,0.5,23.3,0,0,0,0,0,0,25.5,0,0,0,13.1,0,0,0,0,0,0,0,0,0,0,0,0,0,0,0,0.9,0,4.9,26.1,0,0,5.6,0,0,0,0,0,0,0,0,0,0,3.459
TETBBZ04,7.9,8.8,0,0,0,7.3,0,30.1,0.6,0,0,0,0,0,0,0,0,0,0,0,0,0,0,0,0,0,0,45.3,0,0,0,0,0,0,0,0,0,0,0,0,0,0,0,0,0,3.444
THALID12,2.3,14.1,0,6.3,0,0,1.9,0,27.8,45.5,0,0,0.8,0,0.3,0,0,0.8,0.1,0,0,0,0,0,0,0,0,0,0,0,0,0,0,0,0,0,0,0,0,0,0,0,0,0,0,2.947
TIHBIW,1.6,21,0,0,0,0,0,0,44.7,0,0,0,3.5,0,0,0,0,0,0,0,0,0,0,0,0,0,0,0,0,0,0,0,0,0,0,0,1.3,0,0,0,0,0,0,0.3,27.5,3.09
TIPTOD,10,8.5,8.6,0,0,0,0,0,9.3,0,0,39,8.1,0,0,0,0,0,0,10.8,0,0,5.6,0,0,0,0,0,0,0,0,0,0,0,0,0,0,0,0,0,0,0,0,0,0,2.86
TOLNAK,8.7,32.9,0,0.6,0,0,0,0,41.2,15.7,0,0,0,0,1,0,0,0,0,0,0,0,0,0,0,0,0,0,0,0,0,0,0,0,0,0,0,0,0,0,0,0,0,0,0,1.967
TUNRIE,1.9,22.1,0,0,0,10.7,0,20.1,41.1,0,0,0,3.8,0,0,0,0,0,0,0,0,0,0,0,0,0,0,0.2,0,0,0,0,0,0,0,0,0,0,0,0,0,0,0,0,0,2.086
UBUCUR,16.9,0,14.8,0,0,0,0,0,0,0,0,0,0,0,0,0,0,0,0,68.3,0,0,0,0,0,0,0,0,0,0,0,0,0,0,0,0,0,0,0,0,0,0,0,0,0,0.925
UCECAG02,8.1,4.9,2.7,2.3,0,0,2.9,0,2.9,43.3,0,1.7,3.4,7.6,9,0,0,4.4,0.2,6.7,0,0,0,0,0,0,0,0,0,0,0,0,0,0,0,0,0,0,0,0,0,0,0,0,0,1.913
UCENOG01,8.2,0,0,0,0,7.1,0,0,0,0,0,0,0,0,0,0,0,0,0,0,0,0,0,0,0,0,0,15.2,0,0,0,0,0,0,0,0,19.3,43.5,0,0,0,0,0,6.7,0,2.095
UCEPAU,8.3,0,6.8,0,0,0,0,0,0,0,0,0,0,0,0,0,0,0,0,12.3,0,0,0,0,0,0,0,0,0,0,0,0,0,0,0,0,19,0,46.9,0,0,0,0,6.7,0,2.521
UKIXAO,7.6,5.5,0,0,0,6.2,1,18.9,3.9,0,0,0,5.2,0,0,0,0,0,6.1,0,0,0,0,0,0,0,31,14.6,0,0,0,0,0,0,0,0,0,0,0,0,0,0,0,0,0,3
ULAQAZ,7.5,13.4,0,0,0,5.6,5.7,21,36.1,0,0,0,9.8,0,0,0,0,0,0.9,0,0,0,0,0,0,0,0,0,0,0,0,0,0,0,0,0,0,0,0,0,0,0,0,0,0,2.904
UNOXEB,6.7,17.8,0,0,0.2,0,0.5,0,52.1,0,19.8,0,2.9,0,0,0,0,0,0,0,0,0,0,0,0,0,0,0,0,0,0,0,0,0,0,0,0,0,0,0,0,0,0,0,0,2.068
UKIWOB,8.2,5.8,6.6,0,0,0,0.7,0,0.4,0,0,11.1,20.6,0,0,0,0,0,4.3,24.1,0,0,18.2,0,0,0,0,0,0,0,0,0,0,0,0,0,0,0,0,0,0,0,0,0,0,2.98
ULEBOD,10.4,5,0,2.4,0,1.6,2.5,15.9,14.4,32.5,0,0,0.1,0,0,0,11.7,0,0,0,0,0,0,0,0,0,2.5,1,0,0,0,0,0,0,0,0,0,0,0,0,0,0,0,0,0,2.442
SUKTEY,0.1,29.1,0,0,0,1.6,0.4,14.7,32.3,16.8,0,0,1.7,0,0,0,1,0,0,0,0,0,0,0,0,0,2.2,0,0,0,0,0,0,0,0,0,0,0,0,0,0,0,0,0,0,2.387
TAGVEC02,8.6,6.8,8.7,0,0,0,15.3,0,1.5,0,0,12.8,16.9,0,0,0,0,0,3.2,10,0,0,16.1,0,0,0,0,0,0,0,0,0,0,0,0,0,0,0,0,0,0,0,0,0,0,2.958
TAHFIR,3.1,13,10.1,3.8,0,0,8.7,0,0,0.1,0,7.1,13.2,13.3,0,0,0,7.1,3.8,3.8,0,0,13,0,0,0,0,0,0,0,0,0,0,0,0,0,0,0,0,0,0,0,0,0,0,2.191
TAQBUJ,2.3,22.6,2.7,0,0,0,2.5,0,42.8,0,0,12.2,13.2,0,0,0,0,0,0,1,0,0,0.6,0,0,0,0,0,0,0,0,0,0,0,0,0,0,0,0,0,0,0,0,0,0,2.732
UCEPEY01,3.3,0,0,0,0,0,0,0,0,0,0,0,0,0,0,0,0,0,0,0,0,0,0,0,0,0,0,0,8.8,0,12.4,0,0,0,0,0,24.6,0,0,39.2,0,0,0,11.6,0,2.943
UHUHUC,12.4,7.6,0,0,0,6.4,0.6,2.2,5.7,0,0,0,12.1,0,0,0,0,0,0,0,0,0,0,0,0,0,1.6,0,6.9,0,7.9,18,0,0,5.3,13.4,0,0,0,0,0,0,0,0,0,2.755
UYOVOU,5.2,20.4,0,0,0,0,0.4,0,32.3,0,0,0,2,0,0,0,0,0,0.9,0,0,0,0,0,0,0,0,0,0,0,0,0,0,0,0,0,1.9,0,0,0,0,0,5.4,7.5,24,2.849
VARNAF,0.8,48.8,2.3,0,0,0,1.5,0,14.7,0,0,22.8,3.6,0,0,0,0,0,0,5.6,0,0,0,0,0,0,0,0,0,0,0,0,0,0,0,0,0,0,0,0,0,0,0,0,0,2.07
WAMJAV,3.5,0.1,4.6,0,0,0,0,0,35.9,0,0,51.7,0,0,0,0,0,0,0,4.2,0,0,0,0,0,0,0,0,0,0,0,0,0,0,0,0,0,0,0,0,0,0,0,0,0,3.794
SULCEJ,4.4,43.6,0,0,0,0,0,0,40.8,0,0,0,0,0,0,0,0,0,0,0,0,0,0,0,0,0,0,0,0.2,0,0,11,0,0,0,0,0,0,0,0,0,0,0,0,0,2.518
WOLWOK,5.3,10.1,10.7,2.1,0,0,0,0,17.4,14.5,0,31.2,0,0.4,0,0,0,0,0,8.2,0,0,0,0,0,0,0,0,0,0,0,0,0,0,0,0,0,0,0,0,0,0,0,0,0,3.037
WULTED,0.5,17.5,0,0,0,0,0,0,72.4,6.4,0,0,3.2,0,0,0,0,0,0,0,0,0,0,0,0,0,0,0,0,0,0,0,0,0,0,0,0,0,0,0,0,0,0,0,0,3.287
WULZAF,7.3,26.3,1.6,0,0,0,0.4,0,32,0,0,15.6,15.6,0,0,0,0,0,0,1.1,0,0,0,0,0,0,0,0,0,0,0,0,0,0,0,0,0,0,0,0,0,0,0,0,0,2.672
XAYBOQ,5,38.5,0,0,1.4,0,0,0,53.6,0,1.5,0,0,0,0,0,0,0,0,0,0,0,0,0,0,0,0,0,0,0,0,0,0,0,0,0,0,0,0,0,0,0,0,0,0,1.857
XAYCEH,6.2,27.4,0,0,0.2,0,0,0,23.5,0,1.4,0,0,0,0,0,0,0,0,0,0,0,0,0,0,0,0,0,2.9,0,4,34.3,0.2,0,0,0,0,0,0,0,0,0,0,0,0,1.652
XEBPEB,4.1,8.9,0,3,0,0,0,0,43.2,40.5,0,0,0,0,0.3,0,0,0,0,0,0,0,0,0,0,0,0,0,0,0,0,0,0,0,0,0,0,0,0,0,0,0,0,0,0,3.302
XIPMEP,18.3,15.1,0,0,0,0,0,0,43.9,0,0,0,0,0,0,0,0,0,0,0,0,0,0,0,0,0,0,0,1.6,0,4.3,16.9,0,0,0,0,0,0,0,0,0,0,0,0,0,2.413
XIPMIT,11.1,14.4,0,0.4,0,0,0,0,41.4,10,0,0,0,0,0.1,0,0,0,0,0,0,0,0,0,0,0,0,0,0.4,0,2.8,19.4,0,0,0,0,0,0,0,0,0,0,0,0,0,2.44
XUCPIW,5.9,25.7,1.8,0,0,0.6,1,12.5,33.8,0,0,9.9,8.4,0,0,0,0,0,0,0,0,0,0,0,0.5,0,0,0,0,0,0,0,0,0,0,0,0,0,0,0,0,0,0,0,0,2.726
XUFKUG,0,25,0,0,0,0,0,0,59.8,15,0,0,0,0,0.2,0,0,0,0,0,0,0,0,0,0,0,0,0,0,0,0,0,0,0,0,0,0,0,0,0,0,0,0,0,0,4.014
XUJZEJ,13.1,15.7,0,0,0,0,7.5,0,24.9,0,0,0,36.8,0,0,0,0,0,1.9,0,0,0,0,0,0,0,0,0,0,0,0,0,0,0,0,0,0,0,0,0,0,0,0,0,0,1.413
YAFYIP,6.9,34.8,0.3,0,0,0,1,0,30.1,0,0,24.7,1.8,0,0,0,0,0,0.3,0.3,0,0,0,0,0,0,0,0,0,0,0,0,0,0,0,0,0,0,0,0,0,0,0,0,0,2.55
YAQZUM,10,5.9,0,1.2,0,3.9,0.8,17.7,14.3,33.6,0,0,0.2,0,1.8,0,5.1,2.8,0,0,0,0,0,0,0,0,0,2.7,0,0,0,0,0,0,0,0,0,0,0,0,0,0,0,0,0,2.355
YADKUL,0,0.2,0,0,0,18.3,0,26.4,10,0,0,0,0,0,0,0,0,0,0,0,0,0,0,0,0,0,0,45.1,0,0,0,0,0,0,0,0,0,0,0,0,0,0,0,0,0,3.193
YIHFOL,0.1,36.7,0,2.2,0,0,0,0,38.6,22.5,0,0,0,0,0,0,0,0,0,0,0,0,0,0,0,0,0,0,0,0,0,0,0,0,0,0,0,0,0,0,0,0,0,0,0,2.695
SULREX,13.6,4.4,8.1,9.6,0,0,3.8,0,1,6.9,0,1.5,0,19.7,0,0,0,0,0,31.4,0,0,0,0,0,0,0,0,0,0,0,0,0,0,0,0,0,0,0,0,0,0,0,0,0,1.299
TIKFAW01,0.4,26.2,0,0,0,5.9,0,18,49.3,0,0,0,0,0,0,0,0,0,0,0,0,0,0,0,0,0,0,0.1,0,0,0,0,0,0,0,0,0,0,0,0,0,0,0,0,0,1.826
TUTXIQ,2.6,21.1,0,0.7,0,0,0,0,50.6,14.2,0,0,0.6,0,0.5,0,0,0,0,0,0,0,0,0,0,0,0,0,0,1,0.8,8,0,0,0,0,0,0,0,0,0,0,0,0,0,3.277
TUTYAJ,2.3,17.1,0,0.3,0,0,0,0,41.4,13.6,0,0,0.6,0,0.4,0,0,0,0,0,0,0,0,0,0,0,0,0,1.9,1.9,4.7,15.8,0,0,0,0,0,0,0,0,0,0,0,0,0,3.34
UTISAS,7.6,9.5,0,2.4,0,0,0,0,34.4,24.2,0,0,0,0,1.2,0,0,0,0,0,0,0,0,0,0,0,0,0,0,0,0,0,0,0,0,0,4.5,0,0,0,0,0.3,0,6.2,9.5,2.627
UXOCIV,0.3,27.4,1.5,2.3,0,0,0,0,26.4,17.4,0,19.8,0,0,0,0,0,0,0,4.9,0,0,0,0,0,0,0,0,0,0,0,0,0,0,0,0,0,0,0,0,0,0,0,0,0,2.763
WOLWEA,8.5,19.5,4.1,0,0,0,0,0,33.9,16.1,0,17.9,0,0,0,0,0,0,0,0,0,0,0,0,0,0,0,0,0,0,0,0,0,0,0,0,0,0,0,0,0,0,0,0,0,3.082
WAWFUW,0.4,7.1,0,5.9,0,0,0,0,9.7,38,0,0,0.3,0,9,0,0,1.7,0,0,0,0,0,0,0,0,0,0,0,0,0,0,0,0,0,0,1.9,0,0,0,0,11.7,0.2,7.9,6.1,2.227
WIYDOZ,2,31.5,0,0,0,0,0,0,51.9,0,0,0,14.7,0,0,0,0,0,0,0,0,0,0,0,0,0,0,0,0,0,0,0,0,0,0,0,0,0,0,0,0,0,0,0,0,2.542
UZOWEM,12.2,0.6,8.7,0,0,0,0,0,12,10.1,0,24.2,0,2.4,0,0,0,0,0,30,0,0,0,0,0,0,0,0,0,0,0,0,0,0,0,0,0,0,0,0,0,0,0,0,0,3.466
WOYTAH,0.6,38,0,0,0,0,0,0,60.4,1.1,0,0,0,0,0,0,0,0,0,0,0,0,0,0,0,0,0,0,0,0,0,0,0,0,0,0,0,0,0,0,0,0,0,0,0,2.295
XACNIA,0.1,15,0,1,0,0,0,0,48.1,34,0,0,0.1,0,1.4,0,0,0.2,0,0,0,0,0,0,0,0,0,0,0,0,0,0,0,0,0,0,0,0,0,0,0,0,0,0,0,2.903
XIQCUX,21.3,6.4,0,0,0,2.4,0,13.4,6.4,0,0,0,0,0,0,0,0,0,0,0,0,0,0,0,0,0,0,1.6,7.2,0,3.4,25.4,0,0,0,12.5,0,0,0,0,0,0,0,0,0,2.109
XORYIM,6.4,4.7,0,7.9,0,0,2,0,6.3,13.1,0,0,0.9,0,4,0,0,1.1,0,0,0,0,0,0,0,0,0,0,0,0,0,0,0,0,0,0,7.6,0,0,0,0,24.2,0,1.7,20.1,1.815
YEJLII04,6.9,6.5,0,5.7,0,0,3.2,0,18.8,23.7,0,0,2.7,0,1.6,0,0,0.4,0.9,0,0,0,0,0,0,0,0,0,0,0,0,0,0,0,0,0,1,0,0,0,0,8.7,0,0.6,19.1,1.853
USIDAD,10.7,18,0,0,0,0,0,0,24.5,0,0,0,0,0,0,0,0,0,0,0,0,0,0,0,0,0,0,0,10.2,0,9.9,26.7,0,0,0,0,0,0,0,0,0,0,0,0,0,2.435
XOWFOF,7,21.2,0,0,0,0,3.8,0,37.4,0,0,0,8.3,0,0,0,0,0,0,0,0,0,0,0,0,0,0,0,0,0,0,0,0,0,0,0,4.5,0,0,0,0,0,0,2.8,14.9,2.538
YODLIN01,5.5,21,2.2,0,0,0,0,0,32,0,0,38.3,0,0,0,0,0,0,0,0.9,0,0,0,0,0,0,0,0,0,0,0,0,0,0,0,0,0,0,0,0,0,0,0,0,0,2.406
YORSEF,2.2,24,0,1.4,0,0,0,0,44.5,15.1,0,0,11.2,0,1.2,0,0,0.4,0,0,0,0,0,0,0,0,0,0,0,0,0,0,0,0,0,0,0,0,0,0,0,0,0,0,0,3.097
YOVCAO,8.5,11,0.8,1.4,0,0,0.6,0,15,28.3,0,15.1,5.7,6.7,2.3,0,0,2.6,0,1.9,0,0,0,0,0,0,0,0,0,0,0,0,0,0,0,0,0,0,0,0,0,0,0,0,0,1.58
YOXWEO,10.3,8.7,0,0,3,0,2.8,0,26.5,0,4,0,8.4,0,0,0,0,0,0,0,0.7,0.4,0,0,0,0,0,0,6.2,0,9.7,17.1,0.7,0,1.7,0,0,0,0,0,0,0,0,0,0,1.64
YUYPUD02,15.4,14.2,0,0,0,0,7.4,0,12.1,0,0,0,49.7,0,0,0,0,0,1.2,0,0,0,0,0,0,0,0,0,0,0,0,0,0,0,0,0,0,0,0,0,0,0,0,0,0,3.343
ZOTRIL,4.7,10.5,0,0,3.1,4.3,5.9,21.5,15.2,0,9.9,0,4.7,0,0,0,0,0,0,0,2.3,1.4,0,0,0,8.3,4.6,3.7,0,0,0,0,0,0,0,0,0,0,0,0,0,0,0,0,0,2.411
ZUNVOV,6.3,27.1,0,2.5,0,0,3,0,33.5,5.6,0,0,4.8,0,0,0,0,1.7,0.1,0,0,0,0,0,0,0,0,0,0.8,0,0,14.6,0,0,0,0,0,0,0,0,0,0,0,0,0,2.473
ZUSXIW,7,27.7,0,0,0,0,0,0,28,0,0,0,0,0,0,0,0,0,0,0,0,0,0,0,0,0,0,0,2.2,0,5.2,29.8,0,0,0,0,0,0,0,0,0,0,0,0,0,2.473
ZZZBLP03,17.4,15.1,2.4,0,0,0,0,0,31,0,0,32.6,0,0,0,0,0,0,0,1.4,0,0,0,0,0,0,0,0,0,0,0,0,0,0,0,0,0,0,0,0,0,0,0,0,0,1.768
ZZZLKY01,8.1,44.3,0,0,0,0,3.7,0,39.4,0,0,0,4.5,0,0,0,0,0,0,0,0,0,0,0,0,0,0,0,0,0,0,0,0,0,0,0,0,0,0,0,0,0,0,0,0,1.281
SIBZOT,8,27.8,0,0,0,3.1,1.4,4.9,39,0,0,0,15.6,0,0,0,0,0,0,0,0,0,0,0,0,0,0,0,0,0,0,0,0,0,0,0,0,0,0,0,0,0,0,0,0,1.798
SIHPEG,6.7,31.1,0,3.3,0,0,5.9,0,42,5.2,0,0,4.6,0,0.1,0,0,0.9,0.2,0,0,0,0,0,0,0,0,0,0,0,0,0,0,0,0,0,0,0,0,0,0,0,0,0,0,1.926
TUBFED,4.4,21.4,2.8,0,0,0,2,0,41.4,0,0,15,11.3,0,0,0,0,0,0.5,0.3,0,0,1,0,0,0,0,0,0,0,0,0,0,0,0,0,0,0,0,0,0,0,0,0,0,2.664
TITZUS,0,20.5,0,0,0,0,0,0,42.4,0,0,0,3.3,0,0,0,0,0,0,0,0,0,0,0,0,0,0,0,0,0,0,0,0,0,0,0,0.7,0,0,0,0,0,0,6.7,26.2,
XAYDOS,1.3,41.8,0,0.1,0.8,0,0,0,46.1,8.3,1.6,0,0,0,0,0,0,0,0,0,0,0,0,0,0,0,0,0,0,0,0,0,0,0,0,0,0,0,0,0,0,0,0,0,0,1.958
YOZLAC,8.9,0,0,0,0,0,0,0,0,0,0,0,0,0,0,0,0,0,0,0,0,0,0,0,0,0,0,0,16,0,5,0,0,0,0,0,16.8,0,0,42.7,0,0,0,10.6,0,3.245
ZOMQID,2.2,7.7,0,0.1,0.2,0,0,0,30.3,14.8,5.5,0,0,0,0.1,0.1,0,0,0,0,0,0,0,0,0,0,0,0,0.4,0,0.4,33.6,4.5,0,0,0,0,0,0,0,0,0,0,0,0,1.603
ABEHUL,0.3,23.7,0,0,0.5,0,0,0,45.7,0,12.7,0,17.1,0,0,0,0,0,0,0,0,0.1,0,0,0,0,0,0,0,0,0,0,0,0,0,0,0,0,0,0,0,0,0,0,0,2.802
ABESIK,12.3,9.3,7.8,0,0,0,0,0,21.7,0,0,44.7,0,0,0,0,0,0,0,4,0,0,0,0,0,0,0,0,0,0,0,0,0,0,0,0,0,0,0,0,0,0,0,0,0,3.314
ACEQUV,8.2,11.7,0,3.8,0,0,0,0,33.9,20.7,0,0,0,0,2,0,0,0,0,0,0,0,0,0,0,0,0,0,0.5,0,0.7,18.3,0,0,0,0,0,0,0,0,0,0,0,0,0,3.182
ACUVOL,2.7,16.1,0,0,0,0,3.2,0,44.3,11.6,0,0,21,0,0,0,0,1.1,0,0,0,0,0,0,0,0,0,0,0,0,0,0,0,0,0,0,0,0,0,0,0,0,0,0,0,3.008
AFOFEI,8.4,12.1,0,2.4,0,3.2,0,19.3,12.5,17.2,0,0,0,0,0,0,0,0,0,0,0,0,0,0,0,0,0,1.4,0.2,0.5,1.8,15.4,0,0,0,5.6,0,0,0,0,0,0,0,0,0,2.516
AGEPOT,9.3,22.8,0,0.4,0,0,2.7,0,38.8,24.5,0,0,0.7,0,0.9,0,0,0,0,0,0,0,0,0,0,0,0,0,0,0,0,0,0,0,0,0,0,0,0,0,0,0,0,0,0,2.771
AGILAE,0.2,17.4,0,0,0,0,0,0,69.1,13.3,0,0,0,0,0,0,0,0,0,0,0,0,0,0,0,0,0,0,0,0,0,0,0,0,0,0,0,0,0,0,0,0,0,0,0,4.01
AHACUJ,5.8,23.9,0,0,0,5.2,3,11.4,41.4,0,0,0,8,0,0,0,0,0,0,0,0,0,0,0,0,0,0.9,0.3,0,0,0,0,0,0,0,0,0,0,0,0,0,0,0,0,0,2.788
AHEYUI,10.2,20.7,0,0.6,0,0,0,0,31.4,9.7,0,0,0,0,0,0,0,0,0,0,0,0,0,0,0,0,0,0,2,1.1,4.5,19.8,0,0,0,0,0,0,0,0,0,0,0,0,0,0.789
AHUMUL,3.4,16.3,3.2,0,0,0,2.6,0,22.6,0,0,27.4,15.2,0,0,0,0,0,0.8,3.9,0,0,4.7,0,0,0,0,0,0,0,0,0,0,0,0,0,0,0,0,0,0,0,0,0,0,2.999
AKERAK,15,34.7,0,0,0,0.6,0,10.3,39.3,0,0,0,0,0,0,0,0,0,0,0,0,0,0,0,0,0,0,0,0,0,0,0,0,0,0,0,0,0,0,0,0,0,0,0,0,1.885
AKUPAY,8.5,12.1,0,0.2,0,0,1.3,0,10,25.8,0,0,0.1,0,2.1,0,0,0,0,0,0,0,0,0,0,0,0,0,9.5,0.4,4.7,25.3,0,0,0,0,0,0,0,0,0,0,0,0,0,2.283
AKUPEC,5.3,19.9,0,2.5,0,0,0,0,8.3,20.1,0,0,0.5,0,0,0,0,0,0,0,0,0,0,0,0,0,0,0,4.8,10.1,4,24.7,0,0,0,0,0,0,0,0,0,0,0,0,0,2.171
ALOWAZ01,7.7,16.3,0,0,0,7.7,0,36.6,31.8,0,0,0,0,0,0,0,0,0,0,0,0,0,0,0,0,0,0,0,0,0,0,0,0,0,0,0,0,0,0,0,0,0,0,0,0,2.641
ALOWAZ02,7.8,16.1,0,0,0,7.6,0,36.7,31.8,0,0,0,0,0,0,0,0,0,0,0,0,0,0,0,0,0,0,0,0,0,0,0,0,0,0,0,0,0,0,0,0,0,0,0,0,2.634
APOWOS,4.3,34.2,0,0,0,3,0,9.4,49,0,0,0,0,0,0,0,0,0,0,0,0,0,0,0,0,0,0,0,0,0,0,0,0,0,0,0,0,0,0,0,0,0,0,0,0,1.956
APUNAB,0.2,21.7,3.9,0.5,0,0,0,0,39.4,5.4,0,25,2.4,0,0,0,0,0,0,1.5,0,0,0,0,0,0,0,0,0,0,0,0,0,0,0,0,0,0,0,0,0,0,0,0,0,2.907
AQAZAV,3.8,20.9,3.6,0,0,0,2,0,30.6,14.3,0,17.8,6,0,0,0,0,0,0,0.6,0,0,0.4,0,0,0,0,0,0,0,0,0,0,0,0,0,0,0,0,0,0,0,0,0,0,3.302
AQEJEM,16.6,6.1,0,0.6,8,0,0.5,0,10.5,14.5,9.3,0,6.1,0,0.2,1.3,0,0,0,0,0.4,1.6,0,0,0,0,0,0,3.4,0,5.8,12,2.2,0,0.8,0,0,0,0,0,0,0,0,0,0,1.319
AQUNUW,6.2,34.3,0,4,0,0,0,0,27,0,0,0,0,0,0,0,0,0,0,0,0,0,0,0,0,0,0,0,2.8,0.7,5.6,19.3,0,0,0,0,0,0,0,0,0,0,0,0,0,0.974
ASIWIJ,11.6,5.2,4.7,0,0,0.5,3.5,10.7,14.9,0,0,2.2,7.7,0,0,0,0,0,0.6,0.8,0,0,0.7,0,1.7,0,0,0.1,6,0,1.2,15.4,0,7.8,0,4.9,0,0,0,0,0,0,0,0,0,2.091
ATOZOY01,6,17.9,0,0,0,0,0,0,5.6,0,0,0,0,0,0,0,0,0,0,0,0,0,0,0,0,0,0,0,26.2,0,10.2,34,0,0,0,0,0,0,0,0,0,0,0,0,0,3.85
ATUNUZ,12.2,21.4,1.7,0.9,0,0,0.8,0,28.7,13,0,15.7,5.4,0,0.2,0,0,0,0,0,0,0,0,0,0,0,0,0,0,0,0,0,0,0,0,0,0,0,0,0,0,0,0,0,0,1.621
AVAGUA,11.4,11.6,0,6.3,0,0,0,0,24.7,18.9,0,0,0,0,0.4,0,0,0,0,0,0,0,0,0,0,0,0,0,0,0,0,0,0,0,0,0,1.1,0,0,0,0,4.2,0,0.1,21.2,1.043
AVAHOU,0,13.7,0,0,0,0,0,0,67.1,0,0,0,0,0,0,0,0,0,0,0,0,0,0,0,0,0,0,0,0.6,0,0,18.7,0,0,0,0,0,0,0,0,0,0,0,0,0,2.674
AWOBIZ,11.6,7.3,4.6,0,0,0,5,0,6.9,0,0,12,23.2,0,0,0,0,0,0.4,4.5,0,0,0.1,0,0,0,0,0,1.3,0,3.5,11.6,0,8,0,0,0,0,0,0,0,0,0,0,0,3.464
AWOBUL,12.5,10.3,1.3,0,0,0,3.8,0,5.1,0,0,8.5,24.3,0,0,0,0,0,0.3,7.6,0,0,0.3,0,0,0,0,0,1.2,0,1.4,13.9,0,9.6,0,0,0,0,0,0,0,0,0,0,0,3.115
AXUBUR01,2.8,46.2,0,0,0,0,0,0,26.5,0,0,0,0,0,0,0,0,0,0,0,0,0,0,0,0,0,0,0,0.6,0,6.7,17.1,0,0,0,0,0,0,0,0,0,0,0,0,0,3.549
AXUCEC,5.8,34.9,0,0,0,0,0,0,35.3,0,0,0,0,0,0,0,0,0,0,0,0,0,0,0,0,0,0,0,0.8,0,5,18.2,0,0,0,0,0,0,0,0,0,0,0,0,0,3.369
AYAMUJ,2.6,10.4,0,0,0,4.7,2.6,19.5,33.4,0,25.1,0,0,0,0,0,0,0,0,0,0,0.7,0,0,0,1.2,0,0,0,0,0,0,0,0,0,0,0,0,0,0,0,0,0,0,0,3.052
AYUFAC01,8.3,22.2,0,1.3,0,5.2,0,14.7,37.6,10.7,0,0,0,0,0,0,0,0,0,0,0,0,0,0,0,0,0,0,0,0,0,0,0,0,0,0,0,0,0,0,0,0,0,0,0,1.94
AZBNBT02,6.2,9.7,0,0,0,8.7,8.6,24.4,33.9,0,0,0,3.8,0,0,0,0,0,0,0,0,0,0,0,0,0,0,4.7,0,0,0,0,0,0,0,0,0,0,0,0,0,0,0,0,0,1.872
AZIBER,9.8,9.9,3,3.3,0,0,0,0,9.5,14.4,0,37,0,5.1,0,0,0,0,0,8,0,0,0,0,0,0,0,0,0,0,0,0,0,0,0,0,0,0,0,0,0,0,0,0,0,2.646
AZIBIV,9.2,9.7,4.8,2.4,0,0,0,0,12.2,17.1,0,23.1,0,3.1,0,0,0,0,0,18.5,0,0,0,0,0,0,0,0,0,0,0,0,0,0,0,0,0,0,0,0,0,0,0,0,0,2.73
AZUGIM,12.1,13.7,0,0.2,0,1.3,4.7,13.3,37.6,10,0,0,2.7,0,0.5,0,2.6,0,0.4,0,0,0,0,0,0,0,0,0.8,0,0,0,0,0,0,0,0,0,0,0,0,0,0,0,0,0,2.766
BBEZAM04,3.4,18.7,0,0.8,0,4.8,1.9,22.3,24.9,16.9,0,0,1.2,0,0,0,0,0.4,0,0,0,0,0,0,0,0,0,4.7,0,0,0,0,0,0,0,0,0,0,0,0,0,0,0,0,0,3.448
BEGJEE,0.7,47.1,0,0,0.1,0,0,0,32.1,0,19.6,0,0,0,0,0,0,0,0,0,0,0.5,0,0,0,0,0,0,0,0,0,0,0,0,0,0,0,0,0,0,0,0,0,0,0,1.145
BENCLN02,7.2,2.2,5.9,5.4,0,0,0.4,0,2.4,33,0,11.9,1.3,8.8,15.1,0,0,6.3,0,0,0,0,0.1,0,0,0,0,0,0,0,0,0,0,0,0,0,0,0,0,0,0,0,0,0,0,2.862
BENMOW02,7.5,14.2,0,3.4,0,0,0,0,18.6,21.3,0,0,0,0,1.8,0,0,0,0,0,0,0,0,0,0,0,0,0,0,0,0,0,0,0,0,0,5.1,0,0,0,0,0,0,1.9,26.2,2.796
BEQZEE,10.1,12.2,0,0,0,0,0,0,9.2,0,0,0,0,0,0,0,0,0,0,0,0,0,0,0,0,0,0,0,19.1,0,5,44.4,0,0,0,0,0,0,0,0,0,0,0,0,0,1.625
BESSOJ,14.7,16.7,0,0,0,0,0,0,22.8,0,0,0,0,0,0,0,0,0,0,0,0,0,0,0,0,0,0,0,4.7,0,5.2,35.9,0,0,0,0,0,0,0,0,0,0,0,0,0,0.675
BETMET,10.4,8,0,2.7,0,0,2.5,0,2.1,16.6,0,0,17.4,0,0,0,0,0,2.6,0,0,0,0,0,0,0,0,0,4.6,3,11.6,13.5,0,0,5,0,0,0,0,0,0,0,0,0,0,2.213
BEWYOR,0.6,1.4,0,17.2,0,0,1.9,0,2.9,35.1,0,0,2,0,13.8,0,0,10.5,0.2,0,0,0,0,0,0,0,0,0,0,5.6,4.9,1.3,0,0,2.7,0,0,0,0,0,0,0,0,0,0,2.197
BIHJOT,4.9,21.5,0,1.9,0,0,0,0,38.9,22.9,0,0,0,0,0,0,0,0,0,0,0,0,0,0,0,0,0,0,0,0,0,0,0,0,0,0,0,0,0,0,0,3.5,0,2.2,4.1,3.068
BIHJUZ,1.4,23.1,0,2.1,0,0,0,0,48.8,19,0,0,0,0,0,0,0,0,0,0,0,0,0,0,0,0,0,0,0,0,0,0,0,0,0,0,0,0,0,0,0,2,0,0.4,3.2,3.298
BILGIM,4.7,15.2,0.4,0,0,0,0,0,47.4,7.9,0,19.6,3.8,0,0,0,0,0,0,1,0,0,0,0,0,0,0,0,0,0,0,0,0,0,0,0,0,0,0,0,0,0,0,0,0,2.777
BIPHDS02,0.3,42.7,0,0,1,0,0,0,26.7,0,26.8,0,0,0,0,0,0,0,0,0,0,2.5,0,0,0,0,0,0,0,0,0,0,0,0,0,0,0,0,0,0,0,0,0,0,0,1.94
BIRKIW03,0.5,32.6,0,0,14.1,0,0,0,21.4,0,27.7,0,0,0,0,0,0,0,0,0,0,3.7,0,0,0,0,0,0,0,0,0,0,0,0,0,0,0,0,0,0,0,0,0,0,0,1.901
BISBAI,10,22.2,0,0,0,8.3,0,14,9.7,0,0,0,0,0,0,0,0,0,0,0,0,0,0,0,0,0,0,6.3,0,0,0,0,0,0,0,0,3.5,0,0,0,0,0,0,2.1,23.9,3.133
BOPSAA02,0,49,0,0,0,0,0,0,39.6,11.4,0,0,0,0,0,0,0,0,0,0,0,0,0,0,0,0,0,0,0,0,0,0,0,0,0,0,0,0,0,0,0,0,0,0,0,3.004
BOXTEP,9.3,15,1.9,0,0,0,0,0,6.4,0,0,15.5,0,0,0,0,0,0,0,1.9,0,0,0,0,0,0,0,0,13.4,0,7.9,26.2,0,2.6,0,0,0,0,0,0,0,0,0,0,0,2.407
BOYZUL,0,22.4,0,2,0,0,2.3,0,39.6,5.5,0,0,25.6,0,0,0,0,1.2,1.3,0,0,0,0,0,0,0,0,0,0,0,0,0,0,0,0,0,0,0,0,0,0,0,0,0,0,3.476
BOZKIL,5.9,42.2,0,0,0,1.6,0,14.8,35.6,0,0,0,0,0,0,0,0,0,0,0,0,0,0,0,0,0,0,0,0,0,0,0,0,0,0,0,0,0,0,0,0,0,0,0,0,2.466
BRANIL,6.3,10.3,0,0,0,7.1,0.1,40,9.4,0,0,0,4,0,0,0,0,0,0,0,0,0,0,0,0,0,0,22.8,0,0,0,0,0,0,0,0,0,0,0,0,0,0,0,0,0,2.985
BRBZAC01,8.3,12.4,0,3.6,0,2.8,0,23.7,20.7,23.6,0,0,0,0,2,0,0.3,0,0,0,0,0,0,0,0,0,0,2.6,0,0,0,0,0,0,0,0,0,0,0,0,0,0,0,0,0,3.086
BRBZAP01,8.6,13.2,0,3.7,0,1.5,0,25.6,19.5,21.9,0,0,0,0,1.7,0,0,0,0,0,0,0,0,0,0,0,0,4.3,0,0,0,0,0,0,0,0,0,0,0,0,0,0,0,0,0,3.153
CABYAG01,10.5,16.1,0,2.9,2.8,0,0,0,31.9,9.4,25.4,0,0,0,0,0.6,0,0,0,0,0,0.4,0,0,0,0,0,0,0,0,0,0,0,0,0,0,0,0,0,0,0,0,0,0,0,1.844
CAKMEI,4.1,25.3,2.5,0,0.1,0,0,0,45.3,0,0,17.2,5.4,0,0,0,0,0,0,0,0,0,0,0,0,0,0,0,0,0,0,0,0,0,0,0,0,0,0,0,0,0,0,0,0,2.268
CAKMIM,3.8,23.9,3.7,0,0,0,0.4,0,47.3,0,0.5,15.8,4.5,0,0,0,0,0,0,0.1,0,0,0,0,0,0,0,0,0,0,0,0,0,0,0,0,0,0,0,0,0,0,0,0,0,2.239
CAMSIT,8.6,7.5,0,1.2,0,0,2,0,17.1,30.1,0,0,2.2,0,0,0,0,0.4,1.1,0,0,0,0,0,0,0,0,0,0,0,0,0,0,0,0,0,0,0,0,0,0,10.5,2.4,1.7,15.3,1.474
CARDOO,7.9,7.7,3,2,0,0,2.2,0,2.5,27.1,0,26.4,0.4,6.9,0.4,0,0,0.1,0,8,0,0,5.5,0,0,0,0,0,0,0,0,0,0,0,0,0,0,0,0,0,0,0,0,0,0,1.618
CARJEM,14.4,16.1,0,0,0,6.2,0,37.3,24.7,0,0,0,0,0,0,0,0,0,0,0,0,0,0,0,0,0,0,1.2,0,0,0,0,0,0,0,0,0,0,0,0,0,0,0,0,0,2.081
CAXNUL01,15.5,7,0,0,0,0,0,0,7.7,0,0,0,0,0,0,0,0,0,0,0,0,0,0,0,0,0,0,0,11.7,0,7.4,50.8,0,0,0,0,0,0,0,0,0,0,0,0,0,2.891
CAXNUL06,15.6,7,0,0,0,0,0,0,7.7,0,0,0,0,0,0,0,0,0,0,0,0,0,0,0,0,0,0,0,11.6,0,7.7,50.5,0,0,0,0,0,0,0,0,0,0,0,0,0,2.883
CEPCAC,13.2,3.1,0,0,5.8,0,6.4,0,3.4,0,4.2,0,9.3,0,0,0,0,0,0.6,0,10.5,10.6,0,0,0,0,0,0,12.1,0,6.1,14.1,0,0,0.7,0,0,0,0,0,0,0,0,0,0,1.414
CEPCEG,9.6,5.4,11,0,3.5,0,5.8,0,5.4,0,1.4,3,13.6,0,0,0,0,0,0.8,10.3,2.3,4.6,1.1,22.2,0,0,0,0,0,0,0,0,0,0,0,0,0,0,0,0,0,0,0,0,0,1.161
CEYWOS,10.2,15.1,1.1,2.5,0,0,1,0,29.2,11.5,0,17.6,9.2,0,0,0,0,0,0,2.8,0,0,0,0,0,0,0,0,0,0,0,0,0,0,0,0,0,0,0,0,0,0,0,0,0,2.2
CHLQUI10,11.8,14,2.7,0,0,0,2.8,0,33.1,0,0,24.7,9.7,0,0,0,0,0,0.1,0.8,0,0,0.4,0,0,0,0,0,0,0,0,0,0,0,0,0,0,0,0,0,0,0,0,0,0,2.888
CIHNIS,4.3,31.8,0,0,0,3.5,2.3,20.3,26.5,0,0,0,5,0,0,0,0,0,0,0,0,0,0,0,0,0,0.3,6,0,0,0,0,0,0,0,0,0,0,0,0,0,0,0,0,0,2.097
CIKSIZ,8.7,17.4,0,1.3,0,0,5.2,0,39.1,19.5,0,0,7.5,0,0.5,0,0,0.8,0,0,0,0,0,0,0,0,0,0,0,0,0,0,0,0,0,0,0,0,0,0,0,0,0,0,0,1.718
CIRSIH,4.8,30.2,0,0,0,2.8,0,12.6,44.8,3.8,0,0,0,0,0,0,0,0,0,0,0,0,0,0,0,0,0,1.1,0,0,0,0,0,0,0,0,0,0,0,0,0,0,0,0,0,2.362
CIXJOJ,9,4.4,0,0,0.2,0,0.2,0,44,0,15.4,0,24,0,0,0,0,0,0.8,0,1.2,0.8,0,0,0,0,0,0,0,0,0,0,0,0,0,0,0,0,0,0,0,0,0,0,0,2.423
CIYQUY,0.4,22.5,0,0,0,0,0,0,66.2,0,0,0,0,0,0,0,0,0,0,0,0,0,0,0,0,0,0,0,0,0,0,0,0,0,0,0,0,0,0,0,0,0,0,0,10.9,3.645
CIYREJ,1,14.5,0,0,0,0,0,0,75,0,0,0,0,0,0,0,0,0,0,0,0,0,0,0,0,0,0,0,0,0,0,0,0,0,0,0,0.9,0,0,0,0,0,0,1,7.7,3.317
CIYXUF,5.6,17.1,0,0,0,0,0,0,44.4,0,0,0,0,0,0,0,0,0,0,0,0,0,0,0,0,0,0,0,6.7,0,0,26.3,0,0,0,0,0,0,0,0,0,0,0,0,0,0.995
CLANIC05,0,24.6,6.6,0,0,0,0.2,0,36.7,0,0,27,4.9,0,0,0,0,0,0,0,0,0,0,0,0,0,0,0,0,0,0,0,0,0,0,0,0,0,0,0,0,0,0,0,0,2.749
CLBZAC02,9.6,10.5,3,4.3,0,0,0,0,21.9,23.4,0,25.2,0,0.1,0.9,0,0,0,0,1,0,0,0,0,0,0,0,0,0,0,0,0,0,0,0,0,0,0,0,0,0,0,0,0,0,2.998
CLBZAP03,8.8,13.7,1.5,3.8,0,0,0,0,20.6,22.7,0,22.3,0,0,1.5,0,0,0,0,5.1,0,0,0,0,0,0,0,0,0,0,0,0,0,0,0,0,0,0,0,0,0,0,0,0,0,3.213
CLBZAP10,8.7,13.7,1.5,3.8,0,0,0,0,20.6,22.7,0,22.3,0,0,1.5,0,0,0,0,5.2,0,0,0,0,0,0,0,0,0,0,0,0,0,0,0,0,0,0,0,0,0,0,0,0,0,3.214
CODBON,6.1,10,0,0,0,0,0.3,0,40.3,0,14.7,0,28,0,0,0,0,0,0.1,0,0.1,0.5,0,0,0,0,0,0,0,0,0,0,0,0,0,0,0,0,0,0,0,0,0,0,0,2.13
COFHEM,6.1,20,0,1.8,0,0,0,0,19.9,8.3,0,0,0,0,0,0,0,0,0,0,0,0,0,0,0,0,0,0,3.9,2.2,8,29.7,0,0,0,0,0,0,0,0,0,0,0,0,0,1.904
COGBIL,3.9,25.9,7.1,0,0,0,2.9,0,16.4,0,0,29.3,8.3,0,0,0,0,0,0,3.1,0,0,3.1,0,0,0,0,0,0,0,0,0,0,0,0,0,0,0,0,0,0,0,0,0,0,0.973
COGPOF,4.9,2.8,13.2,0.3,0,0,0,0,1.6,13.6,0,11.7,0,17.6,3.8,0,0,0,0,0.2,0,0,0.3,0,0,0,0,0,0,0,0,0,0,0,0,0,1.2,0,11.2,0,0,8.4,0.3,1.8,7.2,2.128
COMWOQ04,1.6,35.3,0,1.8,0,0,1.2,0,39.9,17.1,0,0,1.9,0,0,0,0,1.3,0,0,0,0,0,0,0,0,0,0,0,0,0,0,0,0,0,0,0,0,0,0,0,0,0,0,0,2.685
COTHAW,4.6,17.5,0,1,0,0,2.3,18.3,36.1,18.9,0,0,0.2,0,0,0,1.2,0,0,0,0,0,0,0,0,0,0,0,0,0,0,0,0,0,0,0,0,0,0,0,0,0,0,0,0,3.017
COTHEA,3.8,16.6,0,0.9,0,0,1.9,16.5,42.8,15.4,0,0,0.4,0,0,0,1.7,0,0,0,0,0,0,0,0,0,0,0,0,0,0,0,0,0,0,0,0,0,0,0,0,0,0,0,0,3.082
COTHIE,0.2,15.9,0,1.9,0,0,0,14.6,28.9,30.7,0,0,0,0,0.9,0,6.2,0.7,0,0,0,0,0,0,0,0,0,0,0,0,0,0,0,0,0,0,0,0,0,0,0,0,0,0,0,2.284
COTHOK,1.9,15.8,0,1.1,0,0.3,0,17.1,31.4,27.7,0,0,1.6,0,0.6,0,1.9,0,0,0,0,0,0,0,0,0,0,0.5,0,0,0,0,0,0,0,0,0,0,0,0,0,0,0,0,0,2.036
COTHUQ,0.4,12.8,0,5,0,0,0,0,30.6,44.8,0,0,2.3,0,2.7,0,0,1.3,0,0,0,0,0,0,0,0,0,0,0,0,0,0,0,0,0,0,0,0,0,0,0,0,0,0,0,1.802
COTJAY,0.9,16.9,0,1.8,0,0,0,14.5,39.1,21.1,0,0,1.2,0,0.6,0,3.1,0,0,0,0,0,0,0,0,0,0,0.7,0,0,0,0,0,0,0,0,0,0,0,0,0,0,0,0,0,1.935
COTJEC,0.3,15.8,0,1.2,0,1.1,0.4,13.9,36.1,24.4,0,0,0.1,0,1.3,0,5.4,0.1,0,0,0,0,0,0,0,0,0,0,0,0,0,0,0,0,0,0,0,0,0,0,0,0,0,0,0,2.221
COUMAR11,3,32.1,0,5.7,0,0,0,0,29.5,28.9,0,0,0,0,0.8,0,0,0,0,0,0,0,0,0,0,0,0,0,0,0,0,0,0,0,0,0,0,0,0,0,0,0,0,0,0,2.611
CURPUC,12.7,7,0,7.2,0,1.3,0,18.8,12.8,31.9,0,0,0,0,1.7,0,5.3,0,0,0,0,0,0,0,0,0,0,1.2,0,0,0,0,0,0,0,0,0,0,0,0,0,0,0,0,0,2.309
CURQEM,0.5,14.2,0,0,0,3.4,0,19.3,52.9,9.7,0,0,0,0,0,0,0,0,0,0,0,0,0,0,0,0,0,0,0,0,0,0,0,0,0,0,0,0,0,0,0,0,0,0,0,3.588
CURQUC,0.5,9.4,2.1,3.5,0,0,0,0,18.1,25.4,0,11.1,23.6,0.5,0.1,0,0,0.9,0.5,0,0,0,4.3,0,0,0,0,0,0,0,0,0,0,0,0,0,0,0,0,0,0,0,0,0,0,2.653
CUTZOH,0.5,17.9,0,0,0,0,0,0,47.5,5.4,0,0,0.4,0,0,0,0,0,0,0,0,0,0,0,0,0,0,0,2.6,0,1.1,24.6,0,0,0,0,0,0,0,0,0,0,0,0,0,2.989
CUYZUT,5.9,20.3,0,3.2,0,5.7,0,21.9,26.8,11.5,0,0,2.9,0,0,0,0.1,0.3,0,0,0,0,0,0,0,0,0.1,1.3,0,0,0,0,0,0,0,0,0,0,0,0,0,0,0,0,0,1.337
DADZIS,5.8,33.2,5.3,0,0,0,0,0,23.4,12,0,17.6,0,0,0,0,0,0,0,2.6,0,0,0,0,0,0,0,0,0,0,0,0,0,0,0,0,0,0,0,0,0,0,0,0,0,3.423
DADZOY,8.9,21.5,11.9,1,0,0,0,0,22.1,13.1,0,18.7,0,2.5,0,0,0,0,0,0.2,0,0,0,0,0,0,0,0,0,0,0,0,0,0,0,0,0,0,0,0,0,0,0,0,0,2.48
DADZUE,5.7,34.6,4.9,0.1,0,0,0,0,23.4,11.5,0,17.4,0,0.6,0,0,0,0,0,1.7,0,0,0,0,0,0,0,0,0,0,0,0,0,0,0,0,0,0,0,0,0,0,0,0,0,3.585
DANYIB,17.9,13,0,0,1.2,3.5,0,18.2,32.2,0,1.9,0,0,0,0,0,0,0,0,0,0,1.2,0,0,0,7.5,0,3.4,0,0,0,0,0,0,0,0,0,0,0,0,0,0,0,0,0,2.48
DANYOH,5.7,24.2,0,3.6,0,3.8,0,8.5,40.4,13.1,0,0,0,0,0,0,0.6,0,0,0,0,0,0,0,0,0,0,0,0,0,0,0,0,0,0,0,0,0,0,0,0,0,0,0,0,1.271
DANYUN,6.6,23.9,0,0.7,0,1.7,0,7.7,37.7,12.4,9,0,0,0,0.1,0,0.2,0,0,0,0,0,0,0,0,0.1,0,0,0,0,0,0,0,0,0,0,0,0,0,0,0,0,0,0,0,1.279
DANZEY,12.3,22.2,0,1.3,1.4,0,0,9.9,30.8,11.6,7.4,0,0,0,0,0.5,2.2,0,0,0,0,0,0,0,0,0,0,0.6,0,0,0,0,0,0,0,0,0,0,0,0,0,0,0,0,0,0.818
DBANTH12,18,15.3,0,0,0,1.6,0,25.3,37.1,0,0,0,0,0,0,0,0,0,0,0,0,0,0,0,0,0,0,2.6,0,0,0,0,0,0,0,0,0,0,0,0,0,0,0,0,0,1.605
DCACNP01,13.3,12.3,2,0,0,0,0,0,35.9,0,0,33.5,0,0,0,0,0,0,0,3.1,0,0,0,0,0,0,0,0,0,0,0,0,0,0,0,0,0,0,0,0,0,0,0,0,0,2.608
DCHLAN01,9.4,12,2.5,0,0,0,0.1,0,20.9,0,0,42.7,4.7,0,0,0,0,0,0,7.8,0,0,0,0,0,0,0,0,0,0,0,0,0,0,0,0,0,0,0,0,0,0,0,0,0,3.42
DCLBEN03,0.8,28.5,3.7,0,0,0,0,0,10.7,0,0,45.1,0,0,0,0,0,0,0,11.3,0,0,0,0,0,0,0,0,0,0,0,0,0,0,0,0,0,0,0,0,0,0,0,0,0,3.848
DEJTAP,0.5,6.7,0,1.6,0,8.2,0,12,33.9,34.1,0,0,0.3,0,0,0,2,0,0,0,0,0,0,0,0,0,0.5,0.2,0,0,0,0,0,0,0,0,0,0,0,0,0,0,0,0,0,2.396
DEJTET,0.6,9.9,0,1.5,0,0.2,0,13.8,33.4,33.9,0,0,0.4,0,2,0,1.4,0,0,0,0,0,0,0,0,0,0,2.7,0,0,0,0,0,0,0,0,0,0,0,0,0,0,0,0,0,2.175
DERZAC,0.2,20,0,0,0,0,0,0,64.1,8,0,0,7.6,0,0,0,0,0,0,0,0,0,0,0,0,0,0,0,0,0,0,0,0,0,0,0,0,0,0,0,0,0,0,0,0,2.8
DESNUK,13.2,9.9,0,0,0,0,1.9,0,14,0,0,0,22.6,0,0,0,0,0,0.8,0,0,0,0,0,0,0,0,0,0.7,0,4.5,26.1,0,0,6.3,0,0,0,0,0,0,0,0,0,0,2.347
DEXWOU,9.9,38.9,0,0,0,0,0,0,38.2,0,0,0,0,0,0,0,0,0,0,0,0,0,0,0,0,0,0,0,0.6,0,0.9,11.4,0,0,0,0,0,0,0,0,0,0,0,0,0,2.442
DEZKOK,1.6,22.5,0,0,0,0,0,0,63.1,0,0,12.7,0.2,0,0,0,0,0,0,0,0,0,0,0,0,0,0,0,0,0,0,0,0,0,0,0,0,0,0,0,0,0,0,0,0,3.282
DHNAPH17,17.9,14.7,0,6.8,0,0,0,0,19.8,36.2,0,0,0,0,4.5,0,0,0,0,0,0,0,0,0,0,0,0,0,0,0,0,0,0,0,0,0,0,0,0,0,0,0,0,0,0,1.239
DIWROS,13.9,21.4,1.3,0,0,0,4.5,0,37.7,0,0,13.5,6.1,0,0,0,0,0,0.5,1.2,0,0,0,0,0,0,0,0,0,0,0,0,0,0,0,0,0,0,0,0,0,0,0,0,0,2.419
DNPHOL02,2.1,4.8,0,18.1,0,0,2.6,0,9.4,45.2,0,0,0.1,0,10.6,0,0,7.2,0,0,0,0,0,0,0,0,0,0,0,0,0,0,0,0,0,0,0,0,0,0,0,0,0,0,0,2.195
DOCXIE,1,46.9,0,0,10.6,0,0,0,32.2,0,6,0,0,0,0,0,0,0,0,0,0,3.2,0,0,0,0,0,0,0,0,0,0,0,0,0,0,0,0,0,0,0,0,0,0,0,1.414
DOVXUJ,7.4,23.3,4.6,0,0,0,5.2,0,22.5,0,0,8.7,24.2,0,0,0,0,0,0.8,0,0,0,3.5,0,0,0,0,0,0,0,0,0,0,0,0,0,0,0,0,0,0,0,0,0,0,2.32
DUBFOX,7.4,30.3,0,0,0,0,2.1,0,29.8,0,0,0,10.7,0,0,0,0,0,0,0,0,0,0,0,0,0,0,0,1.2,0,1.6,16.9,0,0,0,0,0,0,0,0,0,0,0,0,0,2.651
DUBKOB,9.2,16.9,0,1.1,0,2.4,1.9,22.2,25.6,15.2,0,0,2,0,0,0,3.3,0,0,0,0,0,0,0,0,0,0.3,0,0,0,0,0,0,0,0,0,0,0,0,0,0,0,0,0,0,2.72
DUBNUL,6.7,17.2,0,4.1,0,0,0,0,23.3,14.2,0,0,0,0,0,0,0,0,0,0,0,0,0,0,0,0,0,0,0,0,0,0,0,0,0,0,1.6,0,0,0,0,5.1,0,1.7,26.1,2.705
DUCSAX,0.8,23.1,0,0,0,0,0,0,53.1,0,0,20.4,2,0,0,0,0,0,0,0.7,0,0,0,0,0,0,0,0,0,0,0,0,0,0,0,0,0,0,0,0,0,0,0,0,0,2.426
DUCTEB,12.1,17.6,1.5,1.2,0,0,2.4,0,33.8,16.8,0,9.3,2.7,1.5,0.2,0,0,0,0,0.3,0,0,0.7,0,0,0,0,0,0,0,0,0,0,0,0,0,0,0,0,0,0,0,0,0,0,1.482
DUDPUP,2.3,19,0,0,0,5.8,1.3,7.7,4.7,0,0,0,3,0,0,0,0,0,0,0,0,0,0,0,0,0,3.4,0,10,0,18.7,17.4,0,0,2.1,4.4,0,0,0,0,0,0,0,0,0,2.843
DUDQAW,10.7,14,0,0,0,0,2,0,2.2,0,0,0,1.9,0,0,0,0,0,0,0,0,0,0,0,0,0,0,0,9.7,0,3.6,14,0,0,0.3,0,2.2,0,0,8.3,0,0,5,5.8,20.2,2.658
DUDQEA,13.2,17.9,0,0,0,0.1,0.3,12.2,14,0,0,0,8.2,0,0,0,0,0,0,0,0,0,0,0,0,0,1.2,1.6,0.7,0,5.8,21.2,0,0,0,3.6,0,0,0,0,0,0,0,0,0,2.677
DUHRAB,0,16.2,0,0,0,0,0,0,53.5,28,0.1,0,2.2,0,0.1,0,0,0,0,0,0,0,0,0,0,0,0,0,0,0,0,0,0,0,0,0,0,0,0,0,0,0,0,0,0,3.988
DUMKON,2.7,13.4,0.9,0,0,0,2.9,0,57.3,0,0,14.1,8.3,0,0,0,0,0,0.4,0,0,0,0.1,0,0,0,0,0,0,0,0,0,0,0,0,0,0,0,0,0,0,0,0,0,0,2.971
DUMKUT,0.1,28.4,0,0,0,0,0,0,45.7,0,0,0,0,0,0,0,0,0,0,0,0,0,0,0,0,0,0,0,0.2,0,0.1,25.4,0,0,0,0,0,0,0,0,0,0,0,0,0,4.083
FERHER,4.9,19.7,4.2,0.4,0,0,0,0,43,14.9,0,12.7,0,0,0.2,0,0,0,0,0,0,0,0,0,0,0,0,0,0,0,0,0,0,0,0,0,0,0,0,0,0,0,0,0,0,2.755
FERHIV,0,16.9,2.5,0,0,0,0,0,53.9,12.2,0,12,0,2.5,0,0,0,0,0,0,0,0,0,0,0,0,0,0,0,0,0,0,0,0,0,0,0,0,0,0,0,0,0,0,0,3.137
FEXDAO,5.5,13.2,0,13.5,0,0,0.4,0,15.8,24.9,0,0,0.6,0,1.7,0,0,2.1,0,0,0,0,0,0,0,0,0,0,0,0,0,0,0,0,0,0,0,0,0,0,0,5.4,2,3.4,11.4,1.828
FEYMAZ01,6.9,32.9,0,0,0,0.7,1.5,13.8,39.8,0,0,0,2.7,0,0,0,0,0,0.3,0,0,0,0,0,0,0,0,1.2,0,0,0,0,0,0,0,0,0,0,0,0,0,0,0,0,0,2.525
FIXBAR,0,4.9,0,0,0,13.8,0,63.5,8.3,0,0,0,0,0,0,0,0,0,0,0,0,0,0,0,0,0,0,9.4,0,0,0,0,0,0,0,0,0,0,0,0,0,0,0,0,0,3.484
FIYDUN,16.2,5.8,0,1.4,0,0.1,3,17,6.5,5.6,0,0,1.7,0,0,0,1.2,0,0,0,0,0,0,0,0,0,0,0.2,4.1,2.1,4.3,24.1,0,0,0.7,6.2,0,0,0,0,0,0,0,0,0,1.505
FOVREO,2.6,13.1,0,1.7,0,0,0,0,43.4,22.8,0,0,0,0,0.3,0,0,0,0,0,0,0,0,0,0,0,0,0,0,0.5,1.1,14.4,0,0,0,0,0,0,0,0,0,0,0,0,0,3.198
FUXDAE,11.1,12.2,1.1,0,0,0,0,0,47.7,0,0,26.7,0,0,0,0,0,0,0,1.2,0,0,0,0,0,0,0,0,0,0,0,0,0,0,0,0,0,0,0,0,0,0,0,0,0,1.838
GANSUK,0.6,28.9,0,2.3,0,0,0.5,0,46.8,14.2,0,0,6.5,0,0,0,0,0.2,0,0,0,0,0,0,0,0,0,0,0,0,0,0,0,0,0,0,0,0,0,0,0,0,0,0,0,1.968
GANTAR,2.7,19.1,0,0.3,0,6.2,2.3,11.2,41.8,13,0,0,2.8,0,0,0,0,0.6,0,0,0,0,0,0,0,0,0,0,0,0,0,0,0,0,0,0,0,0,0,0,0,0,0,0,0,1.615
GAQYII,2.3,31.3,0,0.8,0,0,0.6,0,18.8,15.1,0,0,0.9,0,0,0,0,0,0,0,0,0,0,0,0,0,0,0,0.6,1.3,8.7,18.7,0,0,1,0,0,0,0,0,0,0,0,0,0,2.453
GEFBAV,6.5,1.1,0,35.3,0,0,0,0,10.4,42.8,0,0,0,0,3.9,0,0,0,0,0,0,0,0,0,0,0,0,0,0,0,0,0,0,0,0,0,0,0,0,0,0,0,0,0,0,1.645
GEFZEY,0.3,30.9,0,7.7,0,0,0,0,13.5,9.8,0,0,0,0,2.5,0,0,2.2,0,0,0,0,0,0,0,0,0,0,6.5,0,0,26.4,0,0,0,0,0,0,0,0,0,0,0,0,0,2.895
GEHSES,6.8,14,0,8.7,0,0,0.1,0,9.8,23.5,0,0,2.8,0,1.2,0,0,1.2,0,0,0,0,0,0,0,0,0,0,0,0,0,0,0,0,0,0,0.5,0,0,0,0,10.4,0,2.6,18.4,1.265
HEJQUK,13.4,16,0,4,0,0,2.5,0,25.6,0.4,0,0,12.8,0,0,0,0,0,0,0,0,0,0,0,0,0,0,0,3.6,0,3.2,18.2,0,0,0.2,0,0,0,0,0,0,0,0,0,0,2.308
HEJRAR,13.8,17.2,0,3,0,0,3,0,25.6,0.8,0,0,9.8,0,0,0,0,0.5,0.1,0,0,0,0,0,0,0,0,0,1.5,1.8,1.1,20.7,0,0,1.2,0,0,0,0,0,0,0,0,0,0,2.106
HEJRIZ,8.5,33.7,0,0,0,0,0,0,32.2,4.1,0,0,0,0,0.6,0,0,0,0,0,0,0,0,0,0,0,0,0,2,0,0.6,18.3,0,0,0,0,0,0,0,0,0,0,0,0,0,1.901
HEJRUL,9.3,20.5,0,2.5,0,0,0,0,20.6,7,0,0,0,0,0,0,0,0,0,0,0,0,0,0,0,0,0,0,4.1,3.1,5.4,27.5,0,0,0,0,0,0,0,0,0,0,0,0,0,2.763
HEZKEE,4.4,39.3,0,0,0,0,0,0,25.2,0,0,0,0,0,0,0,0,0,0,0,0,0,0,0,0,0,0,0,0,0,6.7,24.5,0,0,0,0,0,0,0,0,0,0,0,0,0,2.564
HIGLAL,7.3,0,0,11.5,0,0,0,0,0,0,0,0,0,0,0.5,0,0,0,0,0,0,0,0,0,0,0,0,0,19.7,8.5,23.5,0,0,0,0,0,0.2,0,0,21.7,0,0,0,7.1,0,1.291
HIXNEJ,14.8,7.9,0.2,6.4,0,0,0,0,14.8,28.6,0,17.5,0,6.5,1.8,0,0,0,0,1.4,0,0,0,0,0,0,0,0,0,0,0,0,0,0,0,0,0,0,0,0,0,0,0,0,0,2.464
HOFDUD,13.3,6.7,0,5.6,0,0,0,0,8.6,15.4,0,0,0,0,1.8,0,0,0,0,0,0,0,0,0,0,0,0,0,0,0,0,0,0,0,0,0,5,0,0,0,0,19.2,0,1.2,23.2,2.325
HOFHER,4.5,10.3,1.5,16,0,0,1.9,0,3.9,28.3,0,12.3,0.1,7,10.7,0,0,1.8,0,1.6,0,0,0,0,0,0,0,0,0,0,0,0,0,0,0,0,0,0,0,0,0,0,0,0,0,1.765
HOJFOD,0,17.9,0,0,0,0,0,0,52.9,12.6,0,0,2.4,0,0,0,0,0,0,0,0,0,0,0,0,0,0,0,0,0.1,0,14.1,0,0,0,0,0,0,0,0,0,0,0,0,0,3.005
HOKKIC,9.8,14.4,0,3.8,0,0,2,0,20,29.9,0,0,0.1,0,0.6,0,0,0.5,0.4,0,0,0,0,0,0,0,0,0,0.8,1.6,0.3,15.8,0,0,0,0,0,0,0,0,0,0,0,0,0,1.69
HOKKOI,2.8,12.5,0,10.3,0,0,0.2,0,16.8,23.1,0,0,0,0,1.2,0,0,0,0,0,0,0,0,0,0,0,0,0,2.5,1.8,9.5,18.9,0,0,0.4,0,0,0,0,0,0,0,0,0,0,1.97
HOKKUO,6.9,16.2,0,2.8,0,0,1.6,0,9.7,23.2,0,0,0,0,2.8,0,0,0.8,0.2,0,0,0,0,0,0,0,0,0,4,3.1,4.9,23.8,0,0,0,0,0,0,0,0,0,0,0,0,0,2.035
HOKLAV,5.7,12.5,0,6.3,0,0,0,0,4.7,16.9,0,0,1.1,0,1.2,0,0,0,0,0,0,0,0,0,0,0,0,0,3.7,10,3.9,33.8,0,0,0.2,0,0,0,0,0,0,0,0,0,0,2.306
HOKLOJ,9.3,13,0,4.7,0,0,1.2,0,21.7,21.1,0,0,0.4,0,0.6,0,0,0.5,0,0,0,0,0,0,0,0,0,0,4.7,1.8,7.5,13.6,0,0,0,0,0,0,0,0,0,0,0,0,0,2.514
HOKLUP,10,17.2,0,4,0,0,0.1,0,9.2,18.1,0,0,1.1,0,1,0,0,0.4,0,0,0,0,0,0,0,0,0,0,4.4,3.4,3.7,27.4,0,0,0.1,0,0,0,0,0,0,0,0,0,0,2.69
HOKMAW,9.8,10.6,0,4,0,0,0.1,0,2.9,10.2,0,0,1.1,0,2,0,0,0,0,0,0,0,0,0,0,0,0,0,13.2,10.7,9.3,26,0,0,0.1,0,0,0,0,0,0,0,0,0,0,2.729
HOKMEA,6.5,6,0,7.8,0,0,1.9,0,9,12.8,0,0,0.4,0,2.4,0,0,0,0,0,0,0,0,0,0,0,0,0,28.2,0,14.9,10.1,0,0,0,0,0,0,0,0,0,0,0,0,0,2.407
HUGQOQ,9.1,10.5,3.6,3.2,0,0,0,0,14.4,18.2,0,21.7,0,0.5,0,0,0,0,0,18.8,0,0,0,0,0,0,0,0,0,0,0,0,0,0,0,0,0,0,0,0,0,0,0,0,0,2.5
HUGSAE,6.6,14.5,2.4,0,0,2.3,0,23.7,18.5,0,0,21.1,4.5,0,0,0,0,0,0,1.1,0,0,0.1,0,3.5,0,0,1.8,0,0,0,0,0,0,0,0,0,0,0,0,0,0,0,0,0,3.188
HUWCUZ,2,17.8,0,0.3,0,0,0,0,30.7,28.5,0,0,0,0,0,0,0,0,0,0,0,0,0,0,0,0,0,0,0,0,0,0,0,0,0,0,1.3,0,0,0,0,3.9,0,1.4,14,1.857
IDUCUG,3.9,0.6,20.8,0,0,0,0,0,1.5,0,0,39.8,0,0,0,0,0,0,0,33.4,0,0,0,0,0,0,0,0,0,0,0,0,0,0,0,0,0,0,0,0,0,0,0,0,0,3.422
IFILUG,2.7,22.5,0,0.2,0,6.1,0,28.1,28.9,6.6,0,0,3.1,0,0.2,0,0,0,0,0,0,0,0,0,0,0,0,1.5,0,0,0,0,0,0,0,0,0,0,0,0,0,0,0,0,0,2.685
INOKAY,7.9,4,0,0,0,0,0,0,0.7,6.5,0,0,0,0,0,0,0,0,0,0,0,0,0,0,0,0,0,0,19.9,5.9,22.7,32.4,0,0,0,0,0,0,0,0,0,0,0,0,0,3.277
IPOJUT,17.5,8.2,1,2.4,0,0,0,0,11.2,31.6,0,20.6,0,3.2,3.6,0,0,0,0,0.7,0,0,0,0,0,0,0,0,0,0,0,0,0,0,0,0,0,0,0,0,0,0,0,0,0,1.534
ISAXUV01,6.6,4.3,0,4.1,0,0,4,0,16.2,53.8,0,0,1.5,0,6,0,0,3.3,0.3,0,0,0,0,0,0,0,0,0,0,0,0,0,0,0,0,0,0,0,0,0,0,0,0,0,0,1.212
JALKOX,12.3,5,0,0,0,0,0,0,12,0,0,0,0,0,0,0,0,0,0,0,0,0,0,0,0,0,0,0,23.5,0,14,13,0,0,0,0,3.4,0,0,0,0,0,0,5.3,11.4,2.514
JALKUD,10.3,8.4,0,0,0,4.8,0,11.3,10.2,0,0,0,0,0,0,0,0,0,0,0,0,0,0,0,0,0,0,2.2,22.3,0,17.2,13.2,0,0,0,0,0,0,0,0,0,0,0,0,0,2.598
JALLAK,15,8.3,0.6,0,0,0,0,0,6.1,0,0,4.5,0,0,0,0,0,0,0,0.6,0,0,0,0,0,0,0,0,11.8,0,11.8,28.5,0,12.7,0,0,0,0,0,0,0,0,0,0,0,2.582
JALLIS,13.1,7.4,0,0,0,6.5,0,7.9,11.5,0,0,0,0,0,0,0,0,0,0,0,0,0,0,0,0,0,0,0,7.5,0,11.8,28.2,0,0,0,6,0,0,0,0,0,0,0,0,0,2.517
JEQRON,1.1,23.9,0,0.1,0,1.7,4.4,13.9,42.3,1.8,0,0,8.3,0,0,0,0,2.3,0.2,0,0,0,0,0,0,0,0,0,0,0,0,0,0,0,0,0,0,0,0,0,0,0,0,0,0,2.864
JEQVUX01,1.9,18.8,9.2,0.2,0,0,0,0,32.6,10.3,0,26.2,0,0.8,0,0,0,0,0,0,0,0,0,0,0,0,0,0,0,0,0,0,0,0,0,0,0,0,0,0,0,0,0,0,0,2.978
JEYHOL,4.4,20.4,0,0,3.9,0,0.2,0,31.8,0,26.9,0,3.2,0,0,0,0,0,0,0,5.2,4,0,0,0,0,0,0,0,0,0,0,0,0,0,0,0,0,0,0,0,0,0,0,0,1.93
JIMTUV,1.9,6.9,0,0,0,4.3,0,26.5,17.4,0,0,0,5.7,0,0,0,0,0,0,0,0,0,0,0,0,0,0,5.6,0,0,4.4,25.1,0,0,0,2.3,0,0,0,0,0,0,0,0,0,2.712
JOGMUO01,21.4,12.1,0,0,0,7.8,0,32,11.5,0,0,0,0,0,0,0,0,0,0,0,0,0,0,0,0,0,0,15.1,0,0,0,0,0,0,0,0,0,0,0,0,0,0,0,0,0,2.289
JOGVUY,6,20.9,0,0,0,1.3,0,20.6,31.7,16.3,0,0,0,0,0,0,2.6,0,0,0,0,0,0,0,0,0,0,0.6,0,0,0,0,0,0,0,0,0,0,0,0,0,0,0,0,0,2.249
JONQAG,2.4,20.2,0,2.4,0,0,0,0,25.6,22.7,0,0,0,0,0,0,0,0,0,0,0,0,0,0,0,0,0,0,0,0,0,0,0,0,0,0,0.5,0,0,0,0,3.9,0,3.4,19,3.016
JOZXIH,6.3,22.4,1.6,3.1,0,0,1.4,0,22.9,2.7,0,12.6,11.9,0.7,0,0,0,0,0.3,0.4,0,0,0.3,0,0,0,0,0,0,0,0.7,12,0,0.1,0.4,0,0,0,0,0,0,0,0,0,0,2.435
KANYUU01,4.6,47,0,0,0,0,0.8,0,46,0,0,0,1.6,0,0,0,0,0,0,0,0,0,0,0,0,0,0,0,0,0,0,0,0,0,0,0,0,0,0,0,0,0,0,0,0,2.402
KETVOW,4,0,0,0,2.7,7.9,0.2,0,0,0,0,0,0,0,0,0,0,0,0,0,0,0.4,0,0,0,2.2,1.7,3.2,23.2,0,18.2,0,14.8,0,8.7,12.9,0,0,0,0,0,0,0,0,0,2.201
KUZFAN,8.7,19.3,0,0,0,0,0,0,29.1,0,0,0,0,0,0,0,0,0,0,0,0,0,0,0,0,0,0,0,0,0,0,0,0,0,0,0,1.2,0,0,0,0,0,0,12.4,29.2,1.908
LABRIQ,0,0,0,19,0,0,0,0,2.4,8,0,0,0,0,0.4,0,0,0,0,0,0,0,0,0,0,0,0,0,11.6,14.1,21.9,22.4,0,0,0,0,0,0,0,0,0,0,0,0,0,2.141
LAHBEC,18.7,1.7,0,0,0,0,9,0,2.1,0,0,0,0,0,0,0,0,0,2.4,0,0,0,0,0,0,0,0,0,24.5,0,8.4,33.1,0,0,0.1,0,0,0,0,0,0,0,0,0,0,2.076
LAHBUS,13.3,11.1,0,0,0,0,6.7,0,12.7,0,0,0,0,0,0,0,0,0,1.8,0,0,0,0,0,0,0,0,0,11.8,0,6.9,35.4,0,0,0.3,0,0,0,0,0,0,0,0,0,0,2.523
LEJDAH,13.7,9.8,3.9,4.1,0,0,0,0,23.5,26.8,0,17.5,0,0.5,0,0,0,0,0,0.3,0,0,0,0,0,0,0,0,0,0,0,0,0,0,0,0,0,0,0,0,0,0,0,0,0,1.514
LOFWOU,6.6,20,0,0,0,0,1.7,0,18.6,0,0,0,9.7,0,0,0,0,0,0,0,0,0,0,0,0,0,0,0,7.8,0,1.5,32.8,0,0,1.4,0,0,0,0,0,0,0,0,0,0,2.812
LURNER,15.4,32.7,0,0,0,0,0,0,9.7,0,0,0,0,0,0,0,0,0,0,0,0,0,0,0,0,0,0,0,1.4,0,10.1,30.8,0,0,0,0,0,0,0,0,0,0,0,0,0,2.805
LUXLEW,2.4,22.1,0,0.5,0,2.1,0,18.9,31.3,22.4,0,0,0,0,0,0,0,0,0,0,0,0,0,0,0,0,0,0.3,0,0,0,0,0,0,0,0,0,0,0,0,0,0,0,0,0,3.275
LUXPUQ,9.8,28.2,14.4,0,0,0,0,0,3.3,0,0,35.8,0,0,0,0,0,0,0,8.5,0,0,0,0,0,0,0,0,0,0,0,0,0,0,0,0,0,0,0,0,0,0,0,0,0,2.2
MAJJOX,12,13.9,0,0,4.9,0,0,0,31.8,0,33.4,0,0,0,0,0,0,0,0,0,0,3.9,0,0,0,0,0,0,0,0,0,0,0,0,0,0,0,0,0,0,0,0,0,0,0,1.65
MAKQIZ,18.9,3.3,0,0,2.3,0,0,0,9.2,0,7.8,0,0,0,0,0,0,0,0,0,0,1.7,0,0,0,0,0,0,5.8,0,9,29.1,12.9,0,0,0,0,0,0,0,0,0,0,0,0,2.719
MAKQUL,10.5,32.3,0,0,0.8,0,0,0,32.7,0,21.6,0,0,0,0,0,0,0,0,0,0,2.1,0,0,0,0,0,0,0,0,0,0,0,0,0,0,0,0,0,0,0,0,0,0,0,2.638
MAKRAS,19.4,8.3,0,0,0,0,0,0,24.6,0,0,0,0,0,0,0,0,0,0,0,0,0,0,0,0,0,0,0,2.2,0,13.1,32.4,0,0,0,0,0,0,0,0,0,0,0,0,0,2.922
MANBEK,6.3,11.1,0,0.3,0,3.2,3.8,37.9,15.2,8,0,0,8.9,0,0,0,2,0,0,0,0,0,0,0,0,0,0.3,3.1,0,0,0,0,0,0,0,0,0,0,0,0,0,0,0,0,0,2.678
MAYJEC,6.1,18.2,0,0,0,0,6.7,0,12.2,0,3,0,4.4,0,0,0,0,0,0,0,0,0.1,0,0,0,0,0,0,7.2,0,2.2,31.2,8.5,0,0,0,0,0,0,0,0,0,0,0,0,1.612
MCBZAC02,11,8.4,3,2.8,0,0,0,0,21.2,25.3,0,24.3,0,1.7,0.6,0,0,0,0,1.7,0,0,0,0,0,0,0,0,0,0,0,0,0,0,0,0,0,0,0,0,0,0,0,0,0,3.16
MEBBOL01,2.2,4.4,0,0,0,0,0,0,3.2,0,0,0,0,0,0,0,0,0,0,0,0,0,0,0,0,0,0,0,38.1,0,10.6,41.5,0,0,0,0,,0,0,0,0,0,0,0,0,3.959
MEKKET,15.5,7.7,5,4.8,0,0,0,0,8.4,24.3,0,18.2,0,0,0.9,0,0,0,0,15.4,0,0,0,0,0,0,0,0,0,0,0,0,0,0,0,0,0,0,0,0,0,0,0,0,0,2.856
MEKLOE,11.7,19,2.3,4.7,0,0,0,0,13,25.3,0,19.6,0,0,1.2,0,0,0,0,3.3,0,0,0,0,0,0,0,0,0,0,0,0,0,0,0,0,0,0,0,0,0,0,0,0,0,2.704
MEKNEW,11.3,18.8,0,5.2,0,3.2,0,18,15.4,21.7,0,0,0,0,0.9,0,4.8,0,0,0,0,0,0,0,0,0,0,0.6,0,0,0,0,0,0,0,0,0,0,0,0,0,0,0,0,0,2.615
MELCOW,1.4,27.7,3.6,0,0,0,1.9,0,40.9,0,0,14.9,8.8,0,0,0,0,0,0.6,0,0,0,0.1,0,0,0,0,0,0,0,0,0,0,0,0,0,0,0,0,0,0,0,0,0,0,2.98
MESBUI,9.4,5,0,3.7,0,0,2.5,0,11.4,39.3,0,0,0.5,0,3.5,0,0,1.8,0,0,0,0,0,0,0,0,0,0,0,8.1,3.6,11.1,0,0,0.2,0,0,0,0,0,0,0,0,0,0,2.234
MIFXEE,11,5.2,0,0,0,3.3,5.1,10.3,1.6,0,0,0,11.5,0,0,0,0,0,0.2,0,0,0,0,0,0,0,13.1,14.8,0,0,4,11,0,0,0,8.9,0,0,0,0,0,0,0,0,0,3.243
MIKGOD,20.4,8,0,0,0,0,0,0,14.1,0,0,0,0,0,0,0,0,0,0,0,0,0,0,0,0,0,0,0,7.1,0,5.5,44.8,0,0,0,0,0,0,0,0,0,0,0,0,0,1.956
MINHOI,5.5,28.6,0,0,0,0,0.1,0,27.6,0,0,0,9,0,0,0,0,0,0,0,0,0,0,0,0,0,0,0,6.8,0,5.6,14.6,0,0,2.2,0,0,0,0,0,0,0,0,0,0,3.004
MIVRUE,9.7,33.1,0,0,0,0,6.1,0,46.4,0,0,0,4.7,0,0,0,0,0,0,0,0,0,0,0,0,0,0,0,0,0,0,0,0,0,0,0,0,0,0,0,0,0,0,0,0,2.268
MIXYEY,4.1,8.3,11.6,6.9,0,0,0,0,9,19,0,28.3,0,3.5,1.2,0,0,0,0,8.2,0,0,0,0,0,0,0,0,0,0,0,0,0,0,0,0,0,0,0,0,0,0,0,0,0,2.295
MIZCOP,1.8,40.5,6,0,0,0,0.2,0,21.1,0,0,22.6,4,0,0,0,0,0,0,2.8,0,0,1,0,0,0,0,0,0,0,0,0,0,0,0,0,0,0,0,0,0,0,0,0,0,2.303
MOCTIH01,14,11.6,0,1.8,3.7,0,0,0,33.9,21.2,12.3,0,0,0,0,0.1,0,0,0,0,0,1.4,0,0,0,0,0,0,0,0,0,0,0,0,0,0,0,0,0,0,0,0,0,0,0,2.648
MOGROR,15.6,15,0,0.7,0,0,2,0,16.6,20.4,0,0,0.1,0,0.4,0,0,0,0,0,0,0,0,0,0,0,0,0,0.2,0.1,2.4,23.1,0,0,3.3,0,0,0,0,0,0,0,0,0,0,0.951
MOGSAE,16,12,0,0.8,0,0,1.8,0,16.7,19.7,0,0,3.1,0,0.6,0,0,0,0,0,0,0,0,0,0,0,0,0,0.4,0.5,4.6,23.4,0,0,0.3,0,0,0,0,0,0,0,0,0,0,0.837
MOGSEI,10.8,15.6,4.5,4,0,0,2,0,16.9,14,0,24,2.1,0,1.9,0,0,0,0.5,3.8,0,0,0,0,0,0,0,0,0,0,0,0,0,0,0,0,0,0,0,0,0,0,0,0,0,0.906
MOGSIM,10.4,9.8,0,4.5,0,0,1.6,0,12.5,15,0,0,2.3,0,1.6,0,0,0,0.7,0,0,0,0,0,0,0,0,0,16.2,0,12.3,13.2,0,0,0,0,0,0,0,0,0,0,0,0,0,0.937
MOSXUO,12.2,8.6,5.4,0.6,0,0,2.3,0,16.3,8.4,0,28.4,5.4,0.3,0.1,0,0,0.9,0.1,10.7,0,0,0,0,0,0,0,0,0,0,0,0,0,0,0,0,0,0,0,0,0,0,0,0,0,
MUVBUC,7.7,8.2,0,0,0,0,8.1,0,48.7,0,19.2,0,8,0,0,0,0,0,0.1,0,0,0,0,0,0,0,0,0,0,0,0,0,0,0,0,0,0,0,0,0,0,0,0,0,0,
MUYMEA,9.8,12.4,0,0,0,0,2.8,0,10.3,0,0,0,6.2,0,0,0,0,0,0,0,0,0,0,0,0,0,0,0,7.8,0,14.7,35.1,0,0,0.8,0,0,0,0,0,0,0,0,0,0,
MUYMIE,7.3,17.6,0,0,0,0,1.9,0,11.7,0,0,0,7.4,0,0,0,0,0,0,0,0,0,0,0,0,0,0,0,9.3,0,16.8,26.8,0,0,0.9,0,0,0,0,0,0,0,0,0,0,
MUYMOK,3.9,20.9,0,0,0,0,3.4,0,11.4,0,0,0,4.9,0,0,0,0,0,0,0,0,0,0,0,0,0,0,0,9.1,0,19.3,25.4,0,0,1.7,0,0,0,0,0,0,0,0,0,0,
NAMRID,3.2,39.5,0,0,0,2.6,2.8,13.2,34.7,0,0,0,3.4,0,0,0,0,0,0,0,0,0,0,0,0,0,0.7,0,0,0,0,0,0,0,0,0,0,0,0,0,0,0,0,0,0,
OCILAP,4.9,5.8,0,0,0,4.3,3.4,11.1,6,0,0,0,0,0,0,0,0,0,0,0,0,0,0,0,0,0,4.9,0,5.8,0,13.3,33,0,0,2.9,4.7,0,0,0,0,0,0,0,0,0,
ODUSEM,5.2,1.2,0,7.8,0,0,0,0,2.4,16.3,0,0,0,0,5.6,0,0,0,0,0,0,0,0,0,0,0,0,0,14.3,21.5,15.5,10.1,0,0,0,0,0,0,0,0,0,0,0,0,0,
OFNAPH08 (1 OF 2),3.4,0,0,0,0,0,0,0,0,0,0,0,0,0,0,0,0,0,0,0,0,0,0,0,0,0,0,0,56.9,0,39.7,0,0,0,0,0,0,0,0,0,0,0,0,0,0,
OFNAPH08 (2 OF 2),2.2,0,0,0,0,0,0,0,0,0,0,0,0,0,0,0,0,0,0,0,0,0,0,0,0,0,0,0,57.3,0,40.5,0,0,0,0,0,0,0,0,0,0,0,0,0,0,
OGEQIB02,4.8,16,0,0,0,0,1.7,0,60.1,0,0,0,17.3,0,0,0,0,0,0,0,0,0,0,0,0,0,0,0,0,0,0,0,0,0,0,0,0,0,0,0,0,0,0,0,0,
OHIXEI,8.7,11.8,6.5,2.8,4.5,0,2.4,0,12.8,15.4,6.9,21.9,1,0,0,0,0,1,0,1.1,0,0.4,0,2.6,0,0,0,0,0,0,0,0,0,0,0,0,0,0,0,0,0,0,0,0,0,
OHIXUY,17.7,15.4,0,2.1,0,0,9.2,0,34,13.7,0,0,7.8,0,0,0,0,0,0,0,0,0,0,0,0,0,0,0,0,0,0,0,0,0,0,0,0,0,0,0,0,0,0,0,0,
OKANUK,0.6,53.7,0,0,0,2.1,0,21.7,16.4,0,0,0,0,0,0,0,0,0,0,0,0,0,0,0,0,0,0,5.6,0,0,0,0,0,0,0,0,0,0,0,0,0,0,0,0,0,
OMOKIK,10.1,5.6,0,5.1,0,0,0,0,3.3,41,0,0,0,0,4.4,0,0,0.1,0,0,0,0,0,0,0,0,0,0,0,0,0,0,0,0,0,0,0.1,0,0,0,0,13.3,4.1,2.2,10.6,
NECMUD01,5.1,44.4,0,0,0,0,0,0,26.2,0,0,0,0,0,0,0,0,0,0,0,0,0,0,0,0,0,0,0,0.1,0,4.3,20,0,0,0,0,0,0,0,0,0,0,0,0,0,
NECNAK,11.4,31.1,2.2,0,0,0,0,0,27.3,0,0,25.8,0,0,0,0,0,0,0,2.3,0,0,0,0,0,0,0,0,0,0,0,0,0,0,0,0,0,0,0,0,0,0,0,0,0,
NEGBUY,15.5,21.6,0,0,0,0,0,0,33.6,0,0,0,0,0,0,0,0,0,0,0,0,0,0,0,0,0,0,0,0.1,0,1.9,27.2,0,0,0,0,0,0,0,0,0,0,0,0,0,
NIZVAU,12.4,9.9,0,4.1,0,0,1.8,0,7,39.8,0,0,1.8,0,1.2,0,0,0.7,0,0,0,0,0,0,0,0,0,0,0.3,3.6,0.7,16.6,0,0,0,0,0,0,0,0,0,0,0,0,0,
NOVDEJ,6.2,20.9,0,0.7,0,0,0.2,0,34.5,10.9,0,0,1.8,0,0.6,0,0,0,0,0,0,0,0,0,0,0,0,0,0,0,0,0,0,0,0,0,0,0,0,0,0,0,0,0.4,23.7,
NUDXAM,13.5,12.9,0,2.1,3.7,0,0,0,24.1,8.8,3.7,0,0,0,0,0.1,0,0,0,0,0,0,0,0,0,0,0,0,5.9,0,6.2,18.9,0.2,0,0,0,0,0,0,0,0,0,0,0,0,
NUHDIF,11,24.9,0,0,0,0,3,0,28.4,0,0,0,11.5,0,0,0,0,0,0,0,0,0,0,0,0,0,0,0,0,0,0,0,0,0,0,0,0,0,0,0,0,0,3.3,4.9,13.1,
NUHDUR,,,,,,,,,,,,,,,,,,,,,,,,,,,,,,,,,,,,,,,,,,,,,,
NUHFAZ,10.8,27.7,0,0,0,4.3,2.5,12.5,26.8,0,0,0,12.4,0,0,0,0,0,0,0,0,0,0,0,0,0,2.9,0,0,0,0,0,0,0,0,0,0,0,0,0,0,0,0,0,0,
NURVON,4.4,21.8,0,0,0,0,0,0,37.6,0,0,0,0,0,0,0,0,0,0,0,0,0,0,0,0,0,0,0,2.7,0,0.2,33.2,0,0,0,0,0,0,0,0,0,0,0,0,0,
NUVDOZ,1.3,13.2,0,6.6,0,8.3,0,13.4,28.3,28.8,0,0,0,0,0.1,0,0,0,0,0,0,0,0,0,0,0,0,0,0,0,0,0,0,0,0,0,0,0,0,0,0,0,0,0,0,
OXEMAG,18.4,7.6,0,0,0,1.2,3.6,1.9,3.6,0,0,0,2.4,0,0,0,0,0,1.2,0,0,0,0,0,0,0,0.1,2,3.7,0,7,29,0,0,3.6,14.7,0,0,0,0,0,0,0,0,0,
OXEMIO (1 OF 2),19.7,18,0,0,0,0,3.7,0,15,0,0,0,12.6,0,0,0,0,0,0.1,0,0,0,0,0,0,0,0,0,1.9,0,0.4,28.6,0,0,0,0,0,0,0,0,0,0,0,0,0,
OXEMIO (2 OF 2),15,23.2,0,0,0,0,3.3,0,17.7,0,0,0,11.6,0,0,0,0,0,0.1,0,0,0,0,0,0,0,0,0,0.2,0,0.1,28.8,0,0,0.1,0,0,0,0,0,0,0,0,0,0,
OXIYIE,0.3,28.9,0,0,0,9.6,0,40.2,16.4,0,0,0,0,0,0,0,0,0,0,0,0,0,0,0,0,0,0,4.6,0,0,0,0,0,0,0,0,0,0,0,0,0,0,0,0,0,
OXIZAX,0.1,32.7,0,0,0,9.3,0,17.7,37.9,0,0,0,0,0,0,0,0,0,0,0,0,0,0,0,0,0,0,2.3,0,0,0,0,0,0,0,0,0,0,0,0,0,0,0,0,0,
PALFUE,2.7,11.8,1,0,0,0,0.1,0,44.9,0,0,19.1,20,0,0,0,0,0,0.4,0,0,0,0,0,0,0,0,0,0,0,0,0,0,0,0,0,0,0,0,0,0,0,0,0,0,
PAMCIR,17.5,11.5,0,1.9,0,1.2,0,7.4,39.6,14.1,0,0,0,0,1.5,0,0,0,0,0,0,0,0,0,0,0,0,5.4,0,0,0,0,0,0,0,0,0,0,0,0,0,0,0,0,0,
PASKUR,1.7,0,0,0,0,14.9,0,0,0,0,0,0,0,0,0,0,0,0,0,0,0,0,0,0,0,0,0,5.7,21.1,0,15.8,0,0,0,0,40.9,0,0,0,0,0,0,0,0,0,
PEBKIS,11.6,10.2,3.6,3.9,0,0,2.4,0,11.4,20.3,0,23.7,0.8,0,0.5,0,0,0.6,0.2,11,0,0,0,0,0,0,0,0,0,0,0,0,0,0,0,0,0,0,0,0,0,0,0,0,0,
PEQVEO,6.6,4,0,0,0,0,0,0,1,0,0,0,0,0,0,0,0,0,0,0,0,0,0,0,0,0,0,0,53.2,0,15.2,20,0,0,0,0,0,0,0,0,0,0,0,0,0,
PEQWEP,10.1,6.1,0,0,0,0,0,0,5.8,0,0,0,0,0,0,0,0,0,0,0,0,0,0,0,0,0,0,0,27.5,0,13.1,37.3,0,0,0,0,0,0,0,0,0,0,0,0,0,
PETGIG,15,0,0,0,0,0,0,0,0,0,0,0,0,0,0,0,0,0,0,0,0,0,0,0,0,0,0,0,30.9,0,20.1,0,0,0,0,0,7.1,0,0,16,0,0,0,10.8,0,
PEYDEE,11.3,12.7,0,0,0,0,7.7,0,5.2,0,0,0,16.6,0,0,0,0,0,0.5,0,0,0,0,0,0,0,0,0,10.1,0,3.3,24.7,0,0,7.9,0,0,0,0,0,0,0,0,0,0,
PFBZAC01,3.6,0.3,0,2.9,0,0,0,0,0.7,7.8,0,0,0,0,0,0,0,0,0,0,0,0,0,0,0,0,0,0,27.7,20.4,25.9,10.6,0,0,0,0,0,0,0,0,0,0,0,0,0,
PFBZAD01,10.3,11.4,0,4,0,0,0,0,22.4,24.5,0,0,0,0,1.4,0,0,0,0,0,0,0,0,0,0,0,0,0,1.2,0,1.7,23.2,0,0,0,0,0,0,0,0,0,0,0,0,0,
PFBZAD15,10.3,11.6,0,4.1,0,0,0,0,22.5,24.5,0,0,0,0,1.4,0,0,0,0,0,0,0,0,0,0,0,0,0,1.1,0,1.5,23.1,0,0,0,0,0,0,0,0,0,0,0,0,0,
PFTENT02,,,,,,,,,,,,,,,,,,,,,,,,,,,,,,,,,,,,,,,,,,,,,,
PFTENT11,0.1,0,0,0,0,0,22.1,0,0,0,0,0,0,0,0,0,0,0,4.3,0,0,0,0,0,0,0,0,0,18,0,27.6,0,0,0,28,0,0,0,0,0,0,0,0,0,0,
PFTENT21,0.1,0,0,0,0,0,22.1,0,0,0,0,0,0,0,0,0,0,0,4.3,0,0,0,0,0,0,0,0,0,18,0,27.6,0,0,0,28,0,0,0,0,0,0,0,0,0,0,
CAMSOZ,#N/A,#N/A,#N/A,#N/A,#N/A,#N/A,#N/A,#N/A,#N/A,#N/A,#N/A,#N/A,#N/A,#N/A,#N/A,#N/A,#N/A,#N/A,#N/A,#N/A,#N/A,#N/A,#N/A,#N/A,#N/A,#N/A,#N/A,#N/A,#N/A,#N/A,#N/A,#N/A,#N/A,#N/A,#N/A,#N/A,#N/A,#N/A,#N/A,#N/A,#N/A,#N/A,#N/A,#N/A,#N/A,1.48
COVJIG01,10.2,11.2,0,4.1,0,0,0,0,25.6,25.4,0,0,0,0,1.1,0,0,0,0,0,0,0,0,0,0,0,0,0,3.5,0,2.2,16.7,0,0,0,0,0,0,0,0,0,0,0,0,0,3.105
QATKOM,10.8,6.4,0,0,0,9.4,0,18.7,15.6,10.5,0,0,0,0,0,0,5,0,0,0,0,0,0,0,0,0,0,23.5,0,0,0,0,0,0,0,0,0,0,0,0,0,0,0,0,0,3.176
QECJOZ,#N/A,#N/A,#N/A,#N/A,#N/A,#N/A,#N/A,#N/A,#N/A,#N/A,#N/A,#N/A,#N/A,#N/A,#N/A,#N/A,#N/A,#N/A,#N/A,#N/A,#N/A,#N/A,#N/A,#N/A,#N/A,#N/A,#N/A,#N/A,#N/A,#N/A,#N/A,#N/A,#N/A,#N/A,#N/A,#N/A,#N/A,#N/A,#N/A,#N/A,#N/A,#N/A,#N/A,#N/A,#N/A,2.77
QECZEF,4.5,30.3,0,0,0,0,0.6,0,44.4,0,0,0,8,0,0,0,0,0,0.1,0,0,0,0,0,0,0,0,0,0,0,0.3,11.8,0,0,0,0,0,0,0,0,0,0,0,0,0,3.325
QEDPEW,1.8,38.4,0,0,5.7,0,0,0,44.5,0,5.5,0,3.3,0,0,0,0,0,0,0,0,0.7,0,0,0,0,0,0,0,0,0,0,0,0,0,0,0,0,0,0,0,0,0,0,0,2.389
QERTIR01,4.8,30.3,4.2,0,0,0,0,0,34.1,0,0,12.4,10.1,0,0,0,0,0,0,2,0,0,1.9,0,0,0,0,0,0,0,0,0,0,0,0,0,0,0,0,0,0,0,0,0,0,2.844
QEWXIA,9,8.5,7.6,2.4,0,0,0,0,11.9,17.9,0,34.1,0,2.5,0,0,0,0,0,6,0,0,0,0,0,0,0,0,0,0,0,0,0,0,0,0,0,0,0,0,0,0,0,0,0,2.626
QEZRES,11,29.1,6.5,1.7,0,0,0,0,29.6,14.2,0,5.9,0,1.1,0,0,0,0,0,0.7,0,0,0,0,0,0,0,0,0,0,0,0,0,0,0,0,0,0,0,0,0,0,0,0,0,2.251
QILHEA,8.8,16.1,1.8,0,0,0,3.1,0,28.8,0,14,15.4,8.4,0,0,0,0,0,0.3,0.6,0,0,0,2.6,0,0,0,0,0,0,0,0,0,0,0,0,0,0,0,0,0,0,0,0,0,2.91
QIWHAG,0.7,26.4,0,0.8,0,0.6,0.3,18.7,24.9,17.1,0,0,4.5,0,0,0,1.9,1.2,0,0,0,0,0,0,0,0,2.4,0.2,0,0,0,0,0,0,0,0,0,0,0,0,0,0,0,0,0,3.936
QOHRIP,4.7,25.3,0,2.6,0,0,1.2,0,51.1,13.2,0,0,0.8,0,1.1,0,0,0,0,0,0,0,0,0,0,0,0,0,0,0,0,0,0,0,0,0,0,0,0,0,0,0,0,0,0,0.944
QOPJUC,6.8,13.6,5.7,2.2,0,0,4,0,18.4,16.2,0,17.1,11.2,0,0.6,0,0,1,0.2,2.6,0,0,0.2,0,0,0,0,0,0,0,0,0,0,0,0,0,0,0,0,0,0,0,0,0,0,2.318
ACNAQU01,17.9,15.6,0,4.3,0,0,0,0,25.5,36.3,0,0,0,0,0.5,0,0,0,0,0,0,0,0,0,0,0,0,0,0,0,0,0,0,0,0,0,0,0,0,0,0,0,0,0,0,1.545
AHACIX,#N/A,#N/A,#N/A,#N/A,#N/A,#N/A,#N/A,#N/A,#N/A,#N/A,#N/A,#N/A,#N/A,#N/A,#N/A,#N/A,#N/A,#N/A,#N/A,#N/A,#N/A,#N/A,#N/A,#N/A,#N/A,#N/A,#N/A,#N/A,#N/A,#N/A,#N/A,#N/A,#N/A,#N/A,#N/A,#N/A,#N/A,#N/A,#N/A,#N/A,#N/A,#N/A,#N/A,#N/A,#N/A,2.303
AJAGOH,#N/A,#N/A,#N/A,#N/A,#N/A,#N/A,#N/A,#N/A,#N/A,#N/A,#N/A,#N/A,#N/A,#N/A,#N/A,#N/A,#N/A,#N/A,#N/A,#N/A,#N/A,#N/A,#N/A,#N/A,#N/A,#N/A,#N/A,#N/A,#N/A,#N/A,#N/A,#N/A,#N/A,#N/A,#N/A,#N/A,#N/A,#N/A,#N/A,#N/A,#N/A,#N/A,#N/A,#N/A,#N/A,3.097
AKUNOK,7.8,15.6,0,5.5,0,0,0.2,0,18.6,7.2,0,0,0,0,1.4,0,0,0.4,0,0,0,0,0,0,0,0,0,0,4.5,7.3,3.4,28.3,0,0,0,0,0,0,0,0,0,0,0,0,0,1.818
APUDEV,11.5,7.3,0,0,0,0,0,0,1.2,0,0,0,0,0,0,0,0,0,0,0,0,0,0,0,0,0,0,0,18.8,0,30,31.2,0,0,0,0,0,0,0,0,0,0,0,0,0,1.965
AVIWIL,5.5,32.6,5.6,0,0,0,0,0,24.2,10.8,0,20.6,0,0.3,0.4,0,0,0,0,0.1,0,0,0,0,0,0,0,0,0,0,0,0,0,0,0,0,0,0,0,0,0,0,0,0,0,3.705
BEBCUG,0,17.4,0,0,0,0,0,0,81.5,0,0,0,1,0,0,0,0,0,0,0,0,0,0,0,0,0,0,0,0,0,0,0,0,0,0,0,0,0,0,0,0,0,0,0,0,0.325
BEWZEJ,2.7,0,0,0,0,0,0,0,0,0,0,0,0,0,0,0,0,0,0,0,0,0,0,0,0,0,0,0,42.1,0,55.2,0,0,0,0,0,0,0,0,0,0,0,0,0,0,2.148
BEXMUN,1.8,16.4,0,0.1,0,0,0,0,47,33.3,0,0,1.4,0,0,0,0,0,0,0,0,0,0,0,0,0,0,0,0,0,0,0,0,0,0,0,0,0,0,0,0,0,0,0,0,4.195
BIGVUI01,3.8,0,0,0,0,29.7,0,0,0,0,0,0,0,0,0,0,0,0,0,0,0,0,0,0,0,0,0,66.6,0,0,0,0,0,0,0,0,0,0,0,0,0,0,0,0,0,2.025
CAFVAG,8.6,2,0,0,0,0,0,0,10.7,0,0,0,9.9,0,0,0,0,0,0,0,0,0,0,0,0,0,0,0,18.9,0,13,36.7,0,0,0.3,0,0,0,0,0,0,0,0,0,0,2.231
CAMSUF,5.2,8.6,0,0.8,0,0,1,0,2.6,29.5,0,0,0.4,0,0.2,0,0,0.4,0,0,0,0,0,0,0,0,0,0,0,0,0,0,0,0,0,0,4.1,0,0,0,0,12.6,1.9,7,25.9,1.301
CCBCBT,36.3,0,52.4,0,0,0,0,0,0,0,0,0,0,0,0,0,0,0,0,11.4,0,0,0,0,0,0,0,0,0,0,0,0,0,0,0,0,0,0,0,0,0,0,0,0,0,1.063
COBDAA,0.3,46.5,0,0,4,0,0,0,18.4,0,9.7,0,0,0,0,0,0,0,0,0,0,0.4,0,0,0,0,0,0,2.7,0,0.5,17.2,0,0,0,0,0,0,0,0,0,0,0,0,0,1.715
COHPEW,10.3,0,0,0,0,0,0,0,6.4,0,0,0,0,0,0,0,0,0,0,0,0,0,0,0,0,0,0,0,2.7,0,9,21.8,0,0,0,0,3,0,0,15.7,0,0,0,3,28.1,2.898
DECFDP02,0,0,0,0,0,0,0,0,0,0,0,0,0,0,0,0,0,0,0,0,0,0,0,0,0,0,0,0,61.1,0,38.8,0,0,0,0,0,0,0,0,0,0,0,0,0,0,3.798
DEXWUA,4.7,43.7,0,0,0,0,0,0,40.1,0,0,0,0,0,0,0,0,0,0,0,0,0,0,0,0,0,0,0,0,0,5.2,6.2,0,0,0,0,0,0,0,0,0,0,0,0,0,2.437
DUDPOJ,7.6,11.6,0,0,0,0,3.1,0,7.6,0,0,0,0.2,0,0,0,0,0,0,0,0,0,0,0,0,0,0,0,9.3,0,13.5,23.9,0,0,1.7,0,0.1,0,0,3.9,0,0,4.2,5.4,7.7,2.505
DUMLOO,0.3,26.1,0.4,0,0,0,0,0,34.9,0,0,12.2,0,0,0,0,0,0,0,0,0,0,0,0,0,0,0,0,0,0,2.7,20.9,0,2.3,0,0,0,0,0,0,0,0,0,0,0,4.007
DUPTAL,0.3,35.6,0,0,0,0,0.4,0,52.3,0,11.3,0,0,0,0,0,0,0,0,0,0,0,0,0,0,0,0,0,0,0,0,0,0,0,0,0,0,0,0,0,0,0,0,0,0,3.114
DUTHUW,0.8,36.6,0,0.1,0,2.9,0,11.3,43.4,4.3,0,0,0.5,0,0,0,0,0,0,0,0,0,0,0,0,0,0.2,0,0,0,0,0,0,0,0,0,0,0,0,0,0,0,0,0,0,2.79
DUTREQ,11.8,5.6,0,4.6,0,0,0,0,12.1,23.7,0,0,0,0,0.7,0,0,0,0,0,0,0,0,0,0,0,0,0,5.4,2.2,2.8,31.1,0,0,0,0,0,0,0,0,0,0,0,0,0,3.102
DUTWEV,1.9,7.4,7.5,24.1,0,0,0,0,0.1,32.5,0,9.7,0,14.3,1.8,0,0,0,0,0,0,0,0.6,0,0,0,0,0,0,0,0,0,0,0,0,0,0,0,0,0,0,0,0,0,0,1.924
DUWLUD,1.8,1.3,0,14.5,0,0,2.2,0,2.6,6.9,0,0,0,0,2.7,0,0,0,0,0,0,0,0,0,0,0,0,0,6.1,14.8,8.2,6.2,0,0,2.4,0,5,0,0,0,0,11.4,0,0.9,13.1,1.711
DUXSAS,20.8,9.5,0,0,0,0,0,0,24.5,0,0,0,0,0,0,0,0,0,0,0,0,0,0,0,0,0,0,0,2.6,0,11.2,31.4,0,0,0,0,0,0,0,0,0,0,0,0,0,2.122
EFATOU,8.8,7,0,0,0,0,4.6,0,7.8,0,0,0,17.2,0,0,0,0,0,0.2,0,0,0,0,0,0,0,0,0,6.3,0,6.9,35.7,0,0,5.5,0,0,0,0,0,0,0,0,0,0,3.779
EFAXUE,0.5,7.2,0,11,0,0,4.4,0,5,21,0,0,1.4,0,0,0,0,0,1,0,0,0,0,0,0,0,0,0,3.7,7.4,1.3,36,0,0,0,0,0,0,0,0,0,0,0,0,0,2.015
EGOSOK,8.6,12.3,3.1,0,0,0,5.4,0,4.1,0,0,40.2,17.8,0,0,0,0,0,1,7.4,0,0,0,0,0,0,0,0,0,0,0,0,0,0,0,0,0,0,0,0,0,0,0,0,0,2.602
EKENUD,#N/A,#N/A,#N/A,#N/A,#N/A,#N/A,#N/A,#N/A,#N/A,#N/A,#N/A,#N/A,#N/A,#N/A,#N/A,#N/A,#N/A,#N/A,#N/A,#N/A,#N/A,#N/A,#N/A,#N/A,#N/A,#N/A,#N/A,#N/A,#N/A,#N/A,#N/A,#N/A,#N/A,#N/A,#N/A,#N/A,#N/A,#N/A,#N/A,#N/A,#N/A,#N/A,#N/A,#N/A,#N/A,3.832
ENIVUS,9.2,3.2,7.1,0,0,0,0,0,6.2,0,0,17.5,0,0,0,0,0,0,0,24.4,0,0,0,0,0,0,0,0,0,0,0,0,0,0,0,0,3.3,0,19.1,0,0,0,0,4.4,5.8,Not Found
ERIXUY,6.6,8.1,0,2,0,9,0,29.8,4.5,7.7,0,0,0,0,0.7,0,15.4,0,0,0,0,0,0,0,0,0,0,16.2,0,0,0,0,0,0,0,0,0,0,0,0,0,0,0,0,0,2.936
ETUDAA,2.4,24.9,1,0.2,0,0,1,0,29.9,7.8,0,22.2,5.6,4,0,0,0,0,0,1,0,0,0,0,0,0,0,0,0,0,0,0,0,0,0,0,0,0,0,0,0,0,0,0,0,2.288
ETUDEE,1.9,24.3,1.6,1.7,0,0,0.8,0,29.3,8.6,0,12,6.1,1.9,0,0,0,0,0,0.1,0,0,0,0,0,0,0,0,0,0,0.5,11.2,0,0.2,0,0,0,0,0,0,0,0,0,0,0,2.393
EVACEK,1.9,16.4,0,0.6,0,0,0,0,52.2,27.8,0,0,0,0,1,0,0,0,0,0,0,0,0,0,0,0,0,0,0,0,0,0,0,0,0,0,0,0,0,0,0,0,0,0,0,2.998
EVAKUI,2.3,38.1,0,0,0,0,0,0,40.9,0,0,0,2.9,0,0,0,0,0,0,0,0,0,0,0,0,0,0,0,0,0,0,15.7,0,0,0,0,0,0,0,0,0,0,0,0,0,2.757
EVATIF,0.1,0,0,15.2,0,8.9,0.2,0,0,0,0,0,0,0,3.6,0,13.7,2,0,0,0,0,0,0,0,0,0,1.8,34.2,6.9,6.7,0,0,0,1.5,5.3,0,0,0,0,0,0,0,0,0,2.298
EVEMEY,6.7,21.2,0,5.2,0,0,1.4,0,49.3,0,0,0,15.9,0,0,0,0,0,0.2,0,0,0,0,0,0,0,0,0,0,0,0,0,0,0,0,0,0,0,0,0,0,0,0,0,0,2.839
EVOBEX,6.1,8.2,1.8,1.7,0,0,0,0,41.9,24.2,0,12.2,0,1.6,1.8,0,0,0,0,0.6,0,0,0,0,0,0,0,0,0,0,0,0,0,0,0,0,0,0,0,0,0,0,0,0,0,3.257
EXIPUX,1.9,34.5,0,0,0,0.4,3.1,17,28.2,0,0,0,13,0,0,0,0,0,0,0,0,0,0,0,0,0,1.6,0.3,0,0,0,0,0,0,0,0,0,0,0,0,0,0,0,0,0,3.318
FACFAQ,0,34.6,0,0,0,0,0,0,35.1,0,0,0,0,0,0,0,0,0,0,0,0,0,0,0,0,0,0,0,0,0,1.5,28.7,0,0,0,0,0,0,0,0,0,0,0,0,0,4.316
FACFOE,0.5,29.5,0,0,0,0,0,0,18.2,0,0,0,0,0,0,0,0,0,0,0,0,0,0,0,0,0,0,0,7.8,0,5.5,38.5,0,0,0,0,0,0,0,0,0,0,0,0,0,4.338
FAJFEE,18,16.1,0,0,0,0,2.2,0,39.4,0,0,0,15.6,0,0,0,0,0,0.4,0,0,0,0,0,0,0,0,0,0,0,0.6,7.7,0,0,0,0,0,0,0,0,0,0,0,0,0,2.655
FAMDIG02,13.1,12.8,0.6,0.7,0,0,2.6,0,31,10.9,0,15.8,6.7,0,0.1,0,0,0.7,0.1,4.8,0,0,0,0,0,0,0,0,0,0,0,0,0,0,0,0,0,0,0,0,0,0,0,0,0,2.115
FAXVIJ,1.9,14.9,0,7.2,0,0,5.8,0,9,11.8,0,0,6.7,0,0,0,0,2,0.7,0,0,0,0,0,0,0,0,0,2.6,4.8,4.7,25.7,0,0,2.2,0,0,0,0,0,0,0,0,0,0,1.89
FECZOE01,18.3,21.1,2.2,0,0,0,0,0,37.7,0,0,20.7,0,0,0,0,0,0,0,0,0,0,0,0,0,0,0,0,0,0,0,0,0,0,0,0,0,0,0,0,0,0,0,0,0,0.644
FEHQEP,0,17,0,0.5,0,0,0,0,29.2,16.8,0,0,0,0,0.4,0,0,0,0,0,0,0,0,0,0,0,0,0,1.2,1.1,3.7,30,0,0,0,0,0,0,0,0,0,0,0,0,0,3.857
FELLOY,8.6,27.9,0,0,0,0,0,0,9.8,0,0,0,0,0,0,0,0,0,0,0,0,0,0,0,0,0,0,0,10.1,0,10.1,33.4,0,0,0,0,0,0,0,0,0,0,0,0,0,2.476
GAZROQ,2.1,18.7,8.4,0,0,0,0,0,40.3,18.8,0,11.6,0,0,0,0,0,0,0,0,0,0,0,0,0,0,0,0,0,0,0,0,0,0,0,0,0,0,0,0,0,0,0,0,0,2.601
GEGYEX,8.9,16.1,0,0,5.2,0,0,0,30.5,0,5.2,0,0,0,0,0,0,0,0,0,0,0,0,0,0,0,0,0,0,0,0,0,0,0,0,0,3.2,0,0,0,1.7,0,0,3.7,25.7,1.825
GEHSIW,7,8.6,0,10.6,0,0,0.4,0,4,23.6,0,0,0.9,0,0,0,0,0.3,0,0,0,0,0,0,0,0,0,0,9.6,8.2,1.1,23.7,0,0,2.2,0,0,0,0,0,0,0,0,0,0,1.73
GEHYEZ,10.4,10.3,0,9.2,0,0,0,0,10.3,22.8,0,0,0,0,17.6,0,0,0,0,0,0,0,0,0,0,0,0,0,0,0,0,0,0,0,0,0,0.2,0,0,0,0,18.4,0,0,0.9,2.666
GESTII,2.7,29.7,0,3.7,0,4.5,0,17.8,30.8,5.6,0,0,0,0,1,0,3.1,0,0,0,0,0,0,0,0,0,0,1.3,0,0,0,0,0,0,0,0,0,0,0,0,0,0,0,0,0,1.789
GEYLOL01,2.4,0,0,0,0,0,26,0,0,0,0,0,0,0,0,0,0,0,2.6,0,0,0,0,0,0,0,0,0,23.5,0,19.3,0,0,0,26.2,0,0,0,0,0,0,0,0,0,0,3.192
GINREC,3,32,0,0.4,0,0,1.4,0,50.1,8.9,0,0,4.2,0,0,0,0,0,0,0,0,0,0,0,0,0,0,0,0,0,0,0,0,0,0,0,0,0,0,0,0,0,0,0,0,2.233
GIQVAF,13.7,13.6,1.2,0,0,0,4.1,0,38.4,0,0,17,10.6,0,0,0,0,0,0.8,0.6,0,0,0,0,0,0,0,0,0,0,0,0,0,0,0,0,0,0,0,0,0,0,0,0,0,2.226
GISFUL,0.5,22.7,0,0,0.4,2.6,0,21.6,39.2,0,8.7,0,0,0,0,0,0,0,0,0,0,1.1,0,0,0,3.2,0,0,0,0,0,0,0,0,0,0,0,0,0,0,0,0,0,0,0,2.417
GOGTAZ,#N/A,#N/A,#N/A,#N/A,#N/A,#N/A,#N/A,#N/A,#N/A,#N/A,#N/A,#N/A,#N/A,#N/A,#N/A,#N/A,#N/A,#N/A,#N/A,#N/A,#N/A,#N/A,#N/A,#N/A,#N/A,#N/A,#N/A,#N/A,#N/A,#N/A,#N/A,#N/A,#N/A,#N/A,#N/A,#N/A,#N/A,#N/A,#N/A,#N/A,#N/A,#N/A,#N/A,#N/A,#N/A,2.074
GOHBEM,9.9,27.7,0,0,0,5.8,2.2,0.4,15.6,0,0,0,0,0,0,0,0,0,0,0,0,0,0,0,0,0,0,0.6,2.1,0,8,25.6,0,0,1.7,0.3,0,0,0,0,0,0,0,0,0,2.177
GOLYAI,9.7,10.4,3.4,0,0,0,5.2,0,24.3,0,0,24.2,20.3,0,0,0,0,0,0.5,2,0,0,0,0,0,0,0,0,0,0,0,0,0,0,0,0,0,0,0,0,0,0,0,0,0,2.618
GORVUG,5.8,19.5,0,0.6,0,0,0,0,62.7,11.3,0,0,0,0,0,0,0,0,0,0,0,0,0,0,0,0,0,0,0,0,0,0,0,0,0,0,0,0,0,0,0,0,0,0,0,0.979
GUGZUF,8.1,4,0,6.3,0,0,1.4,0,2,14.3,0,0,0.6,0,6.4,0,0,1.1,0.1,0,0,0,0,0,0,0,0,0,8.1,22,0.7,11,0,0,0,0,0,0,0,2.1,0,9.4,0,0,2.3,2.098
GUHFIZ,1.1,5.2,0,0,0,0,5,0,0,0,0,0,3.7,0,0,0,0,0,0.9,0,0,0,0,0,0,0,0,0,28.2,0,31.4,15,0,0,9.7,0,0,0,0,0,0,0,0,0,0,1.448
GUKSOW,5.6,15.5,0,1,0,0,3.4,0,14.4,21.8,0,0,2.9,0,0,0,0,0,0.5,0,0,0,0,0,0,0,0,0,0,2.5,3.5,28,0,0,0.9,0,0,0,0,0,0,0,0,0,0,1.346
GULLAC,0.6,31.3,0,0,0,0,0.2,0,53.3,0,0,0,0.9,0,0,0,0,0,0,0,0,0,0,0,0,0,0,0,0,0,0,0,0,0,0,0,0.2,0,0,0,0,0,0,3.5,10,2.333
HADPEJ,8.7,12.2,0,0,0,7.1,3.1,30.1,31.6,0,0,0,5.9,0,0,0,0,0,0,0,0,0,0,0,0,0,0.7,0.7,0,0,0,0,0,0,0,0,0,0,0,0,0,0,0,0,0,1.912
HAQVIG,7,14.7,0,3.6,0,2.1,1.8,23.3,19.1,12.2,0,0,6.1,0,0.4,0,7.2,0,0,0,0,0,0,0,0,0,1.6,0.9,0,0,0,0,0,0,0,0,0,0,0,0,0,0,0,0,0,Not Found
HEJROF,9.7,30.1,0,1,0,0,0,0,33.2,4.6,0,0,0,0,0,0,0,0,0,0,0,0,0,0,0,0,0,0,1.6,0,0.9,18.8,0,0,0,0,0,0,0,0,0,0,0,0,0,2.643
HUFXAJ,0.1,0,0,15.9,0,3.4,0,0,0,0,0,0,0,0,29.2,0,43.5,0,0,0,0,0,0,0,0,0,0,7.8,0,0,0,0,0,0,0,0,0,0,0,0,0,0,0,0,0,2.244
ICOQAU01,3.3,30.9,0,0,7.2,0,0,0,36.4,12.5,5.2,0,2.8,0,0,0.9,0,0,0,0,0,0.8,0,0,0,0,0,0,0,0,0,0,0,0,0,0,0,0,0,0,0,0,0,0,0,2.614
IDAHOL,#N/A,#N/A,#N/A,#N/A,#N/A,#N/A,#N/A,#N/A,#N/A,#N/A,#N/A,#N/A,#N/A,#N/A,#N/A,#N/A,#N/A,#N/A,#N/A,#N/A,#N/A,#N/A,#N/A,#N/A,#N/A,#N/A,#N/A,#N/A,#N/A,#N/A,#N/A,#N/A,#N/A,#N/A,#N/A,#N/A,#N/A,#N/A,#N/A,#N/A,#N/A,#N/A,#N/A,#N/A,#N/A,3.645
IDAHUR,0,26.8,0,0,0,0,0.4,0,39.2,0,0,0,5.3,0,0,0,0,0,0,0,0,0,0,0,0,0,0,0,0,0,4.7,23.6,0,0,0,0,0,0,0,0,0,0,0,0,0,2.768
,#N/A,#N/A,#N/A,#N/A,#N/A,#N/A,#N/A,#N/A,#N/A,#N/A,#N/A,#N/A,#N/A,#N/A,#N/A,#N/A,#N/A,#N/A,#N/A,#N/A,#N/A,#N/A,#N/A,#N/A,#N/A,#N/A,#N/A,#N/A,#N/A,#N/A,#N/A,#N/A,#N/A,#N/A,#N/A,#N/A,#N/A,#N/A,#N/A,#N/A,#N/A,#N/A,#N/A,#N/A,#N/A,
IFIKOZ,0.2,18.6,0,0,0,0,0,0,40.1,0,0,0,0,0,0,0,0,0,0,0,0,0,0,0,0,0,0,0,3.3,0,2.4,35.4,0,0,0,0,0,0,0,0,0,0,0,0,0,No bandgap located
IFIMAN,3.4,23,0,1.3,0,1.9,0,18.5,41,7.4,0,0,3.4,0,0,0,0,0,0,0,0,0,0,0,0,0,0,0,0,0,0,0,0,0,0,0,0,0,0,0,0,0,0,0,0,3.145
IFOTED,5.8,19.3,0,1.1,0.8,0,0,0,45.5,18.2,7.2,0,0,0,0.3,1.9,0,0,0,0,0,0,0,0,0,0,0,0,0,0,0,0,0,0,0,0,0,0,0,0,0,0,0,0,0,2.504
IGAPUC,8.4,8.7,0,0,0,0,0,0,13.2,0,0,0,5.5,0,0,0,0,0,0,0,0,0,0,0,0,0,0,0,11.1,0,8,45.1,0,0,0,0,0,0,0,0,0,0,0,0,0,3.463
IGEHEI,1.7,24.6,0,0,0,0,2,0,43.2,0,0,18.1,2.3,0,0,0,0,0,0,8,0,0,0,0,0,0,0,0,0,0,0,0,0,0,0,0,0,0,0,0,0,0,0,0,0,3.161
IHOSEF,0,18.6,0,0.8,0,0,0,0,57.9,22.5,0,0,0,0,0.2,0,0,0,0,0,0,0,0,0,0,0,0,0,0,0,0,0,0,0,0,0,0,0,0,0,0,0,0,0,0,4.263
IKAHAE,5.5,19.6,4.3,4.3,0,0,0.2,0,35.1,9.6,0,16.2,1.6,0,2,0,0,0.3,0,1.7,0,0,0,0,0,0,0,0,0,0,0,0,0,0,0,0,0,0,0,0,0,0,0,0,0,1.87
INOKIG,4.4,3.1,0,0.7,0,0,0,0,5.9,5.8,0,0,0,0,0,0,0,0,0,0,0,0,0,0,0,0,0,0,18,6.3,26.5,29.4,0,0,0,0,0,0,0,0,0,0,0,0,0,3.494
IRUYEA,#N/A,#N/A,#N/A,#N/A,#N/A,#N/A,#N/A,#N/A,#N/A,#N/A,#N/A,#N/A,#N/A,#N/A,#N/A,#N/A,#N/A,#N/A,#N/A,#N/A,#N/A,#N/A,#N/A,#N/A,#N/A,#N/A,#N/A,#N/A,#N/A,#N/A,#N/A,#N/A,#N/A,#N/A,#N/A,#N/A,#N/A,#N/A,#N/A,#N/A,#N/A,#N/A,#N/A,#N/A,#N/A,2.1
IRUYIE,5.5,10.8,11.4,0,0,0,0,0,8.2,0,0,44,0,0,0,0,0,0,0,20,0,0,0,0,0,0,0,0,0,0,0,0,0,0,0,0,0,0,0,0,0,0,0,0,0,3.459
ISAWIK,#N/A,#N/A,#N/A,#N/A,#N/A,#N/A,#N/A,#N/A,#N/A,#N/A,#N/A,#N/A,#N/A,#N/A,#N/A,#N/A,#N/A,#N/A,#N/A,#N/A,#N/A,#N/A,#N/A,#N/A,#N/A,#N/A,#N/A,#N/A,#N/A,#N/A,#N/A,#N/A,#N/A,#N/A,#N/A,#N/A,#N/A,#N/A,#N/A,#N/A,#N/A,#N/A,#N/A,#N/A,#N/A,3.172
ISEDAM,#N/A,#N/A,#N/A,#N/A,#N/A,#N/A,#N/A,#N/A,#N/A,#N/A,#N/A,#N/A,#N/A,#N/A,#N/A,#N/A,#N/A,#N/A,#N/A,#N/A,#N/A,#N/A,#N/A,#N/A,#N/A,#N/A,#N/A,#N/A,#N/A,#N/A,#N/A,#N/A,#N/A,#N/A,#N/A,#N/A,#N/A,#N/A,#N/A,#N/A,#N/A,#N/A,#N/A,#N/A,#N/A,1.996
ISEDEQ,#N/A,#N/A,#N/A,#N/A,#N/A,#N/A,#N/A,#N/A,#N/A,#N/A,#N/A,#N/A,#N/A,#N/A,#N/A,#N/A,#N/A,#N/A,#N/A,#N/A,#N/A,#N/A,#N/A,#N/A,#N/A,#N/A,#N/A,#N/A,#N/A,#N/A,#N/A,#N/A,#N/A,#N/A,#N/A,#N/A,#N/A,#N/A,#N/A,#N/A,#N/A,#N/A,#N/A,#N/A,#N/A,1.999
JALLEO,12.8,7,0,0,0,0,0,0,11.4,0,0,0,0,0,0,0,0,0,0,0,0,0,0,0,0,0,0,0,7.5,0,11.4,27.7,0,0,0,0,0,0,0,6.2,0,0,0,7.2,8.8,2.527
JAPYEF,4.9,20.8,0,0,0,0,0,0,47.7,0,0,0,0,0,0,0,0,0,0,0,0,0,0,0,0,0,0,0,0.6,0,0,25.9,0,0,0,0,0,0,0,0,0,0,0,0,0,3.785
JUBKIA01,#N/A,#N/A,#N/A,#N/A,#N/A,#N/A,#N/A,#N/A,#N/A,#N/A,#N/A,#N/A,#N/A,#N/A,#N/A,#N/A,#N/A,#N/A,#N/A,#N/A,#N/A,#N/A,#N/A,#N/A,#N/A,#N/A,#N/A,#N/A,#N/A,#N/A,#N/A,#N/A,#N/A,#N/A,#N/A,#N/A,#N/A,#N/A,#N/A,#N/A,#N/A,#N/A,#N/A,#N/A,#N/A,3.45
JUPRUH,0.6,0,0,14.6,0,0,0,0,1,23.5,0,0,0.1,0,19.3,0,0,2.9,0,0,0,0,0,0,0,0,0,0,3.3,14.8,6.2,8.4,0,0,5.2,0,0,0,0,0,0,0,0,0,0,1.805
KADGON,#N/A,#N/A,#N/A,#N/A,#N/A,#N/A,#N/A,#N/A,#N/A,#N/A,#N/A,#N/A,#N/A,#N/A,#N/A,#N/A,#N/A,#N/A,#N/A,#N/A,#N/A,#N/A,#N/A,#N/A,#N/A,#N/A,#N/A,#N/A,#N/A,#N/A,#N/A,#N/A,#N/A,#N/A,#N/A,#N/A,#N/A,#N/A,#N/A,#N/A,#N/A,#N/A,#N/A,#N/A,#N/A,2.277
KAKMIU,9.6,9.6,0,2.6,1.7,1.7,1.2,17.9,15.1,23.1,9.3,0,1.1,0,1.7,0,0,0.6,0,0,0,0.9,0,0,0,2.4,0,1.3,0,0,0,0,0,0,0,0,0,0,0,0,0,0,0,0,0,2.052
KETVUC,9.2,0,0,0,3.2,0,7.8,0,0,0,2.7,0,0,0,0,0,0,0,0.5,0,0.4,0,0,0,0,0,0,0,27.9,0,17.9,15.1,15.4,0,0.1,0,0,0,0,0,0,0,0,0,0,2.337
KILSAB,0,1.2,0,1.5,0,0,1.9,0,0.4,0.6,0,0,3.3,0,0,0,0,0,1.4,0,0,0,0,0,0,0,0,0,35.9,3.5,27,13,0,0,10.2,0,0,0,0,0,0,0,0,0,0,2.363
KILSOP,7.8,2.5,0,0.2,0,0,3.2,0,0.9,1.6,0,0,1.3,0,0,0,0,0,0.6,0,0,0,0,0,0,0,0,0,35.4,2.5,16.4,21.1,0,0,6.7,0,0,0,0,0,0,0,0,0,0,1.839
KOFRII,1.5,10.2,0,0,0,6.8,0.6,27,39.7,0,0,0,5,0,0,0,0,0,0.1,0,0,0,0,0,0,0,4,5.2,0,0,0,0,0,0,0,0,0,0,0,0,0,0,0,0,0,3.085
KOJCIX,8.9,14.7,1.6,8.8,0,0,0,0,12.1,26.6,0,18.4,0,0,5.6,0,0,0,0,3.4,0,0,0,0,0,0,0,0,0,0,0,0,0,0,0,0,0,0,0,0,0,0,0,0,0,2.197
KOKMIH,6.4,26.8,0,3.4,0,0,0,0,19.8,2.5,0,0,0,0,0,0,0,0,0,0,0,0,0,0,0,0,0,0,3.5,0,7.3,30.2,0,0,0,0,0,0,0,0,0,0,0,0,0,0.968
KUBMAX01,#N/A,#N/A,#N/A,#N/A,#N/A,#N/A,#N/A,#N/A,#N/A,#N/A,#N/A,#N/A,#N/A,#N/A,#N/A,#N/A,#N/A,#N/A,#N/A,#N/A,#N/A,#N/A,#N/A,#N/A,#N/A,#N/A,#N/A,#N/A,#N/A,#N/A,#N/A,#N/A,#N/A,#N/A,#N/A,#N/A,#N/A,#N/A,#N/A,#N/A,#N/A,#N/A,#N/A,#N/A,#N/A,3.576
NUPJEP,0.7,13.8,0,0,0,1.6,0,11.3,18.4,15.6,0,0,0,0,0,0,2.6,0,0,0,0,0,0,0,0,0,0,0,4.7,2.3,0,23.1,0,0,0,6,0,0,0,0,0,0,0,0,0,3.605
ZUPWOY,0.2,31.1,0,3.5,0,0,0,0,48.5,15.8,0,0,0,0,0.9,0,0,0,0,0,0,0,0,0,0,0,0,0,0,0,0,0,0,0,0,0,0,0,0,0,0,0,0,0,0,2.301
ZUPWUE,0.1,21.6,0,0,0,0,0,0,66.6,10.6,0,0,0,0,1.1,0,0,0,0,0,0,0,0,0,0,0,0,0,0,0,0,0,0,0,0,0,0,0,0,0,0,0,0,0,0,2.306
QOYSAY,0.8,19.8,0,1.5,0,0,0,0,57.9,20,0,0,0,0,0,0,0,0,0,0,0,0,0,0,0,0,0,0,0,0,0,0,0,0,0,0,0,0,0,0,0,0,0,0,0,3.122
QOYSUS,0.5,17.7,0,0,0.2,0,0,0,64.9,0,12.4,0,4.2,0,0,0,0,0,0,0,0,0,0,0,0,0,0,0,0,0,0,0,0,0,0,0,0,0,0,0,0,0,0,0,0,3.266
QQQFDJ03,18.4,12.7,0,2.2,0,0,0,0,50,15.4,0,0,0,0,1.3,0,0,0,0,0,0,0,0,0,0,0,0,0,0,0,0,0,0,0,0,0,0,0,0,0,0,0,0,0,0,1.742
QQQFDJ04,18.4,12.7,0,2.2,0,0,0,0,50.1,15.3,0,0,0,0,1.3,0,0,0,0,0,0,0,0,0,0,0,0,0,0,0,0,0,0,0,0,0,0,0,0,0,0,0,0,0,0,1.746
QQQFDS02,17.1,18.3,0,0,0,1.6,0,15.6,46.7,0,0,0,0,0,0,0,0,0,0,0,0,0,0,0,0,0,0,0.7,0,0,0,0,0,0,0,0,0,0,0,0,0,0,0,0,0,1.799
RADHOW,13.3,16.1,0,0,0,0,2.3,0,18.8,0,0,0,0.7,0,0,0,0,0,0,0,0,0,0,0,0,0,0,0,7.9,0,9.1,16.4,0,0,0,0,0.3,0,0,1.3,0,0,3.6,2.5,7.7,2.071
RADHUC,16.1,12.1,0,0,0,2.7,1.6,8,17.3,0,0,0,1.9,0,0,0,0,0,0.4,0,0,0,0,0,0,0,2.5,0,5.6,0,8.8,21.4,0,0,0,1.5,0,0,0,0,0,0,0,0,0,2.102
RADJAK,14.3,20.7,0,0,0,5.7,1.6,8.1,23.6,0,0,0,5,0,0,0,0,0,0,0,0,0,0,0,0,0,0,0.6,1.6,0,1.6,17.2,0,0,0,0,0,0,0,0,0,0,0,0,0,1.793
RADJEO,#N/A,#N/A,#N/A,#N/A,#N/A,#N/A,#N/A,#N/A,#N/A,#N/A,#N/A,#N/A,#N/A,#N/A,#N/A,#N/A,#N/A,#N/A,#N/A,#N/A,#N/A,#N/A,#N/A,#N/A,#N/A,#N/A,#N/A,#N/A,#N/A,#N/A,#N/A,#N/A,#N/A,#N/A,#N/A,#N/A,#N/A,#N/A,#N/A,#N/A,#N/A,#N/A,#N/A,#N/A,#N/A,2.07
RAJGOA01,8.6,15,2.2,3,0,0,0,0,14.7,27.9,0,25.5,0,0,0.7,0,0,0,0,2.3,0,0,0,0,0,0,0,0,0,0,0,0,0,0,0,0,0,0,0,0,0,0,0,0,0,2.362
RALTOO,2.9,24.6,0,0,0,0,0.2,0,39.2,0,0,0,5.1,0,0,0,0,0,0,0,0,0,0,0,0,0,0,0,0,0,0,0,0,0,0,0,10.1,0,0,0,0,0,0,0,18,3.019
RARPIL,0,16.2,4.8,0,0,0,0,0,52,0,0,23.3,2.8,0,0,0,0,0,0.3,0.5,0,0,0,0,0,0,0,0,0,0,0,0,0,0,0,0,0,0,0,0,0,0,0,0,0,1.732
RATHAW,6.1,3.9,5,2.7,0,0,2.7,0,3.7,45.1,0,3.1,2,12,8.8,0,0,2.2,0,0.7,0,0,2.2,0,0,0,0,0,0,0,0,0,0,0,0,0,0,0,0,0,0,0,0,0,0,1.353
REMBOC,1.2,20.2,0,0,0,8.7,0.4,15.7,39.7,0,0,0,13.5,0,0,0,0,0,0,0,0,0,0,0,0,0,0.2,0.2,0,0,0,0,0,0,0,0,0,0,0,0,0,0,0,0,0,3.13
REMCAP,0.9,21.3,0,0,0,6.2,0,21,34.7,0,0,0,15.8,0,0,0,0,0,0,0,0,0,0,0,0,0,0,0.2,0,0,0,0,0,0,0,0,0,0,0,0,0,0,0,0,0,3.163
RESORA09,0,33,0,0.7,0,0,0,0,37,29.3,0,0,0,0,0,0,0,0,0,0,0,0,0,0,0,0,0,0,0,0,0,0,0,0,0,0,0,0,0,0,0,0,0,0,0,3.829
RIBYOR,0,27.6,0.6,0,0,1.5,0,17.7,14.7,3.7,0,22.3,0,0.1,0.5,0,6.8,0,0,0,0,0,0,0,4.6,0,0,0,0,0,0,0,0,0,0,0,0,0,0,0,0,0,0,0,0,3.544
RIGVEJ01,7.9,8.3,0,6.1,0,0,0.1,0,4.5,13,0,0,0,0,0.6,0,0,1.2,0,0,0,0,0,0,0,0,0,0,3.4,4.5,15,34.1,0,0,1.4,0,0,0,0,0,0,0,0,0,0,2.243
RIZQIC,6.8,15.4,6.4,0,0,0,3.2,0,25,0,0,21.1,20.9,0,0,0,0,0,0,0,0,0,1.3,0,0,0,0,0,0,0,0,0,0,0,0,0,0,0,0,0,0,0,0,0,0,1.85
ROKQUF01,3.6,21.1,0,0,0,0,3.7,0,21.6,0,0,0,11.4,0,0,0,0,0,0,0,0,0,0,0,0,0,0,0,3.9,0,2.6,32.1,0,0,0,0,0,0,0,0,0,0,0,0,0,0.22
ROKQUF02,3.1,21.5,0,0,0,0,3.3,0,22.1,0,0,0,11.2,0,0,0,0,0,0.2,0,0,0,0,0,0,0,0,0,4.2,0,3.1,31.4,0,0,0,0,0,0,0,0,0,0,0,0,0,0.216
RUBMAE,0,17.9,0,0,0,1.4,0,18.8,32.7,25.9,0,0,0,0,0.8,0,2.7,0,0,0,0,0,0,0,0,0,0,0,0,0,0,0,0,0,0,0,0,0,0,0,0,0,0,0,0,3.885
RUPBAH,11.4,37.8,1.6,0,0,0,0,0,39.6,0,0,9.6,0,0,0,0,0,0,0,0,0,0,0,0,0,0,0,0,0,0,0,0,0,0,0,0,0,0,0,0,0,0,0,0,0,2.278
RUPBEL,26.1,14.1,2,0,0,0,0,0,44.8,0,0,12.6,0,0,0,0,0,0,0,0.4,0,0,0,0,0,0,0,0,0,0,0,0,0,0,0,0,0,0,0,0,0,0,0,0,0,1.396
SABFAE,4.4,5,18.8,8.1,0,0,0,0,4.4,7.6,0,19.9,0,6,1,0,0,0.2,0,10.7,0,0,0.6,0,0,0,0,0,0,1.6,0.3,7.9,0,3.5,0,0,0,0,0,0,0,0,0,0,0,2.333
SAZCAZ,1,37.6,0,0,0,5,0,19.9,36,0,0,0,0,0,0,0,0,0,0,0,0,0,0,0,0,0,0,0.4,0,0,0,0,0,0,0,0,0,0,0,0,0,0,0,0,0,2.275
SEPBAS,6.8,6.6,0,0,0,0,6.5,0,1,0,0,0,7.8,0,0,0,0,0,1.4,0,0,0,0,0,0,0,0,0,13.2,0,10,33.4,0,0,13.4,0,0,0,0,0,0,0,0,0,0,2.179
SEPCOH,#N/A,#N/A,#N/A,#N/A,#N/A,#N/A,#N/A,#N/A,#N/A,#N/A,#N/A,#N/A,#N/A,#N/A,#N/A,#N/A,#N/A,#N/A,#N/A,#N/A,#N/A,#N/A,#N/A,#N/A,#N/A,#N/A,#N/A,#N/A,#N/A,#N/A,#N/A,#N/A,#N/A,#N/A,#N/A,#N/A,#N/A,#N/A,#N/A,#N/A,#N/A,#N/A,#N/A,#N/A,#N/A,2.105
SEPDEY,5.7,0,15.1,0,0,0,2.5,0,0,0,0,0,0,0,0,0,0,0,3.7,3.6,0,0,11.1,0,0,0,0,0,15.9,0,6.2,0,0,32,4.2,0,0,0,0,0,0,0,0,0,0,2.054
SESWOD,9.7,16.3,0,0,2.8,0,0.2,0,35.7,0,5.4,0,7.4,0,0,0,0,0,0,0,2,0,0,0,0,0,0,0,0,0,0,0,0,0,0,0,0,0,0,0,1.5,0,0.1,3.6,15.1,2.25
SETTIW,25.2,17.7,1.4,0,0,0,0,0,21.4,0,0,28.1,0,0,0,0,0,0,0,6.2,0,0,0,0,0,0,0,0,0,0,0,0,0,0,0,0,0,0,0,0,0,0,0,0,0,1.659
SETTOC,27.3,16.9,0,0,0,0,0,0,23.4,0,0,0,0,0,0,0,0,0,0,0,0,0,0,0,0,0,0,0,1.6,0,1.5,29.3,0,0,0,0,0,0,0,0,0,0,0,0,0,1.763
SINFUS,#N/A,#N/A,#N/A,#N/A,#N/A,#N/A,#N/A,#N/A,#N/A,#N/A,#N/A,#N/A,#N/A,#N/A,#N/A,#N/A,#N/A,#N/A,#N/A,#N/A,#N/A,#N/A,#N/A,#N/A,#N/A,#N/A,#N/A,#N/A,#N/A,#N/A,#N/A,#N/A,#N/A,#N/A,#N/A,#N/A,#N/A,#N/A,#N/A,#N/A,#N/A,#N/A,#N/A,#N/A,#N/A,Not Found
SOFVUG02,#N/A,#N/A,#N/A,#N/A,#N/A,#N/A,#N/A,#N/A,#N/A,#N/A,#N/A,#N/A,#N/A,#N/A,#N/A,#N/A,#N/A,#N/A,#N/A,#N/A,#N/A,#N/A,#N/A,#N/A,#N/A,#N/A,#N/A,#N/A,#N/A,#N/A,#N/A,#N/A,#N/A,#N/A,#N/A,#N/A,#N/A,#N/A,#N/A,#N/A,#N/A,#N/A,#N/A,#N/A,#N/A,4
SUNTIF,18.5,12.1,0,0,0,2,1.4,15.5,32.8,0,0,0,17.6,0,0,0,0,0,0,0,0,0,0,0,0,0,0,0.2,0,0,0,0,0,0,0,0,0,0,0,0,0,0,0,0,0,2.04
SUZDIB,11.6,7.1,8.6,0,0,0,0,0,21,0,0,36.7,3.9,0,0,0,0,0,0,10.9,0,0,0.2,0,0,0,0,0,0,0,0,0,0,0,0,0,0,0,0,0,0,0,0,0,0,2.805
SUZDOH,#N/A,#N/A,#N/A,#N/A,#N/A,#N/A,#N/A,#N/A,#N/A,#N/A,#N/A,#N/A,#N/A,#N/A,#N/A,#N/A,#N/A,#N/A,#N/A,#N/A,#N/A,#N/A,#N/A,#N/A,#N/A,#N/A,#N/A,#N/A,#N/A,#N/A,#N/A,#N/A,#N/A,#N/A,#N/A,#N/A,#N/A,#N/A,#N/A,#N/A,#N/A,#N/A,#N/A,#N/A,#N/A,2.463
TAMYOX,#N/A,#N/A,#N/A,#N/A,#N/A,#N/A,#N/A,#N/A,#N/A,#N/A,#N/A,#N/A,#N/A,#N/A,#N/A,#N/A,#N/A,#N/A,#N/A,#N/A,#N/A,#N/A,#N/A,#N/A,#N/A,#N/A,#N/A,#N/A,#N/A,#N/A,#N/A,#N/A,#N/A,#N/A,#N/A,#N/A,#N/A,#N/A,#N/A,#N/A,#N/A,#N/A,#N/A,#N/A,#N/A,2.396
TCANIL02,#N/A,#N/A,#N/A,#N/A,#N/A,#N/A,#N/A,#N/A,#N/A,#N/A,#N/A,#N/A,#N/A,#N/A,#N/A,#N/A,#N/A,#N/A,#N/A,#N/A,#N/A,#N/A,#N/A,#N/A,#N/A,#N/A,#N/A,#N/A,#N/A,#N/A,#N/A,#N/A,#N/A,#N/A,#N/A,#N/A,#N/A,#N/A,#N/A,#N/A,#N/A,#N/A,#N/A,#N/A,#N/A,3.061
TCLBEN04,#N/A,#N/A,#N/A,#N/A,#N/A,#N/A,#N/A,#N/A,#N/A,#N/A,#N/A,#N/A,#N/A,#N/A,#N/A,#N/A,#N/A,#N/A,#N/A,#N/A,#N/A,#N/A,#N/A,#N/A,#N/A,#N/A,#N/A,#N/A,#N/A,#N/A,#N/A,#N/A,#N/A,#N/A,#N/A,#N/A,#N/A,#N/A,#N/A,#N/A,#N/A,#N/A,#N/A,#N/A,#N/A,3.7
TEHREE,#N/A,#N/A,#N/A,#N/A,#N/A,#N/A,#N/A,#N/A,#N/A,#N/A,#N/A,#N/A,#N/A,#N/A,#N/A,#N/A,#N/A,#N/A,#N/A,#N/A,#N/A,#N/A,#N/A,#N/A,#N/A,#N/A,#N/A,#N/A,#N/A,#N/A,#N/A,#N/A,#N/A,#N/A,#N/A,#N/A,#N/A,#N/A,#N/A,#N/A,#N/A,#N/A,#N/A,#N/A,#N/A,No bandgap located
TETRDO02,#N/A,#N/A,#N/A,#N/A,#N/A,#N/A,#N/A,#N/A,#N/A,#N/A,#N/A,#N/A,#N/A,#N/A,#N/A,#N/A,#N/A,#N/A,#N/A,#N/A,#N/A,#N/A,#N/A,#N/A,#N/A,#N/A,#N/A,#N/A,#N/A,#N/A,#N/A,#N/A,#N/A,#N/A,#N/A,#N/A,#N/A,#N/A,#N/A,#N/A,#N/A,#N/A,#N/A,#N/A,#N/A,3.789
TIBGIV,#N/A,#N/A,#N/A,#N/A,#N/A,#N/A,#N/A,#N/A,#N/A,#N/A,#N/A,#N/A,#N/A,#N/A,#N/A,#N/A,#N/A,#N/A,#N/A,#N/A,#N/A,#N/A,#N/A,#N/A,#N/A,#N/A,#N/A,#N/A,#N/A,#N/A,#N/A,#N/A,#N/A,#N/A,#N/A,#N/A,#N/A,#N/A,#N/A,#N/A,#N/A,#N/A,#N/A,#N/A,#N/A,2.769
TIDTIK,#N/A,#N/A,#N/A,#N/A,#N/A,#N/A,#N/A,#N/A,#N/A,#N/A,#N/A,#N/A,#N/A,#N/A,#N/A,#N/A,#N/A,#N/A,#N/A,#N/A,#N/A,#N/A,#N/A,#N/A,#N/A,#N/A,#N/A,#N/A,#N/A,#N/A,#N/A,#N/A,#N/A,#N/A,#N/A,#N/A,#N/A,#N/A,#N/A,#N/A,#N/A,#N/A,#N/A,#N/A,#N/A,2.559
TITZED,#N/A,#N/A,#N/A,#N/A,#N/A,#N/A,#N/A,#N/A,#N/A,#N/A,#N/A,#N/A,#N/A,#N/A,#N/A,#N/A,#N/A,#N/A,#N/A,#N/A,#N/A,#N/A,#N/A,#N/A,#N/A,#N/A,#N/A,#N/A,#N/A,#N/A,#N/A,#N/A,#N/A,#N/A,#N/A,#N/A,#N/A,#N/A,#N/A,#N/A,#N/A,#N/A,#N/A,#N/A,#N/A,4.337
TOLNAK,8.2,32.9,0,0.6,0,0,0,0,41.7,15.6,0,0,0,0,1,0,0,0,0,0,0,0,0,0,0,0,0,0,0,0,0,0,0,0,0,0,0,0,0,0,0,0,0,0,0,1.967
TUNNIA,#N/A,#N/A,#N/A,#N/A,#N/A,#N/A,#N/A,#N/A,#N/A,#N/A,#N/A,#N/A,#N/A,#N/A,#N/A,#N/A,#N/A,#N/A,#N/A,#N/A,#N/A,#N/A,#N/A,#N/A,#N/A,#N/A,#N/A,#N/A,#N/A,#N/A,#N/A,#N/A,#N/A,#N/A,#N/A,#N/A,#N/A,#N/A,#N/A,#N/A,#N/A,#N/A,#N/A,#N/A,#N/A,2.905
TUTXOW,1.7,21.9,0,1.5,0,0,0,0,42.1,12.7,0,0,0,0,1.4,0,0,0.2,0,0,0,0,0,0,0,0,0,0,0.5,0.1,1.9,15.9,0,0,0,0,0,0,0,0,0,0,0,0,0,3.383
TUXRIP,#N/A,#N/A,#N/A,#N/A,#N/A,#N/A,#N/A,#N/A,#N/A,#N/A,#N/A,#N/A,#N/A,#N/A,#N/A,#N/A,#N/A,#N/A,#N/A,#N/A,#N/A,#N/A,#N/A,#N/A,#N/A,#N/A,#N/A,#N/A,#N/A,#N/A,#N/A,#N/A,#N/A,#N/A,#N/A,#N/A,#N/A,#N/A,#N/A,#N/A,#N/A,#N/A,#N/A,#N/A,#N/A,3.496
TUZBAT,2.2,7.1,0,7.8,0,6.5,1.8,6,8.4,28.8,0,0,1.9,0,11.2,0,10.2,6.2,0.1,0,0,0,0,0,0,0,1.6,0,0,0,0,0,0,0,0,0,0,0,0,0,0,0,0,0,0,1.812
UCIPIG,#N/A,#N/A,#N/A,#N/A,#N/A,#N/A,#N/A,#N/A,#N/A,#N/A,#N/A,#N/A,#N/A,#N/A,#N/A,#N/A,#N/A,#N/A,#N/A,#N/A,#N/A,#N/A,#N/A,#N/A,#N/A,#N/A,#N/A,#N/A,#N/A,#N/A,#N/A,#N/A,#N/A,#N/A,#N/A,#N/A,#N/A,#N/A,#N/A,#N/A,#N/A,#N/A,#N/A,#N/A,#N/A,2.634
UCIPON,#N/A,#N/A,#N/A,#N/A,#N/A,#N/A,#N/A,#N/A,#N/A,#N/A,#N/A,#N/A,#N/A,#N/A,#N/A,#N/A,#N/A,#N/A,#N/A,#N/A,#N/A,#N/A,#N/A,#N/A,#N/A,#N/A,#N/A,#N/A,#N/A,#N/A,#N/A,#N/A,#N/A,#N/A,#N/A,#N/A,#N/A,#N/A,#N/A,#N/A,#N/A,#N/A,#N/A,#N/A,#N/A,1.959
UFIPOP,0.4,35.5,0,0,7.7,0,2.6,0,10.1,0,9,0,2.9,0,0,0,0,0,0.3,0,4.4,1.3,0,0,0,0,0,0,13.6,0,1,11.2,0,0,0,0,0,0,0,0,0,0,0,0,0,1.772
UKIWUH,#N/A,#N/A,#N/A,#N/A,#N/A,#N/A,#N/A,#N/A,#N/A,#N/A,#N/A,#N/A,#N/A,#N/A,#N/A,#N/A,#N/A,#N/A,#N/A,#N/A,#N/A,#N/A,#N/A,#N/A,#N/A,#N/A,#N/A,#N/A,#N/A,#N/A,#N/A,#N/A,#N/A,#N/A,#N/A,#N/A,#N/A,#N/A,#N/A,#N/A,#N/A,#N/A,#N/A,#N/A,#N/A,2.863
ULAQAZ,7.3,13.9,0,0,0,5.6,5.7,21.1,35.6,0,0,0,10,0,0,0,0,0,0.8,0,0,0,0,0,0,0,0,0,0,0,0,0,0,0,0,0,0,0,0,0,0,0,0,0,0,2.905
UTAJEG,8.1,23,0,0,0,0,0,0,21.5,0,0,0,0,0,0,0,0,0,0,0,0,0,0,0,0,0,0,0,4.2,0,7.5,35.8,0,0,0,0,0,0,0,0,0,0,0,0,0,2.185
VARNUZ,11.2,15.7,8.7,2.3,0,0,5.3,0,5.8,16.6,0,17.3,9.9,5.2,1.1,0,0,0.1,0,0,0,0,0.7,0,0,0,0,0,0,0,0,0,0,0,0,0,0,0,0,0,0,0,0,0,0,1.218
VARPAH,11.1,15.1,0,2.4,0,9.5,4.8,18.7,5.1,16.5,0,0,10.1,0,1,0,5.1,0,0,0,0,0,0,0,0,0,0.8,0,0,0,0,0,0,0,0,0,0,0,0,0,0,0,0,0,0,1.186
VAXYAW,11.9,6,4,3.5,0,0,0,0,18.7,30.4,0,20.5,0,2.8,1.5,0,0,0,0,0.8,0,0,0,0,0,0,0,0,0,0,0,0,0,0,0,0,0,0,0,0,0,0,0,0,0,2.717
VAYBUU,2.1,19.4,0,7.6,0,0,0,0,19.2,25.3,0,0,0,0,4.2,0,0,0,0,0,0,0,0,0,0,0,0,0,0,1.8,5,15.3,0,0,0,0,0,0,0,0,0,0,0,0,0,2.781
VAYLUE,2.7,1.7,0,10.4,0,9.2,0,10.6,3.5,22.8,0,0,0,0,6.7,0,23.8,2,0,0,0,0,0,0,0,0,1.7,4.8,0,0,0,0,0,0,0,0,0,0,0,0,0,0,0,0,0,1.661
VECXIL,#N/A,#N/A,#N/A,#N/A,#N/A,#N/A,#N/A,#N/A,#N/A,#N/A,#N/A,#N/A,#N/A,#N/A,#N/A,#N/A,#N/A,#N/A,#N/A,#N/A,#N/A,#N/A,#N/A,#N/A,#N/A,#N/A,#N/A,#N/A,#N/A,#N/A,#N/A,#N/A,#N/A,#N/A,#N/A,#N/A,#N/A,#N/A,#N/A,#N/A,#N/A,#N/A,#N/A,#N/A,#N/A,3.25
VIHKAA,21.8,11.5,2.8,0,0,0,0,0,38.9,0,0,24.1,0,0,0,0,0,0,0,0.9,0,0,0,0,0,0,0,0,0,0,0,0,0,0,0,0,0,0,0,0,0,0,0,0,0,2.162
VOJBAY,0,20.6,3.2,0,0,0,0.5,0,15.7,0,0,19.4,4.5,0,0,0,0,0,0,0,0,0,0.4,0,0,0,0,0,0,0,0,0,0,0,0,0,0.3,0,5.3,0,0,0,0,7.4,22.8,3.072
VOLHIP,#N/A,#N/A,#N/A,#N/A,#N/A,#N/A,#N/A,#N/A,#N/A,#N/A,#N/A,#N/A,#N/A,#N/A,#N/A,#N/A,#N/A,#N/A,#N/A,#N/A,#N/A,#N/A,#N/A,#N/A,#N/A,#N/A,#N/A,#N/A,#N/A,#N/A,#N/A,#N/A,#N/A,#N/A,#N/A,#N/A,#N/A,#N/A,#N/A,#N/A,#N/A,#N/A,#N/A,#N/A,#N/A,2.988
VOQTIF,5.8,16.7,10.9,0,0,0,6,0,11.7,0,0,33.4,14.2,0,0,0,0,0,0,0.8,0,0,0.5,0,0,0,0,0,0,0,0,0,0,0,0,0,0,0,0,0,0,0,0,0,0,2.496
VUCJAG,1.1,29.7,0,0,0,0,0,0,57.6,4.2,0,0,7.3,0,0,0,0,0,0,0,0,0,0,0,0,0,0,0,0,0,0,0,0,0,0,0,0,0,0,0,0,0,0,0,0,2.496
VUFHIP,0.1,16.6,0,0.3,0,0,0,0,55.5,26.9,0,0,0,0,0.6,0,0,0,0,0,0,0,0,0,0,0,0,0,0,0,0,0,0,0,0,0,0,0,0,0,0,0,0,0,0,3.412
VUGVIE,0,35.1,3.8,1.6,0,0,0.4,0,29.9,4.1,0,8.9,13.4,0,0,0,0,0,0,0,0,0,2.7,0,0,0,0,0,0,0,0,0,0,0,0,0,0,0,0,0,0,0,0,0,0,2.599
VUHQIZ,6.7,8.4,0,5.8,0,0,0,0,12.9,17,0,0,0,0,0.6,0,0,0,0,0,0,0,0,0,0,0,0,0,26.6,0,16.6,5.5,0,0,0,0,0,0,0,0,0,0,0,0,0,2.429
VUJREZ,4.2,45.5,0.9,0,0,0,0,0,44.4,0,0,4.9,0,0,0,0,0,0,0,0,0,0,0,0,0,0,0,0,0,0,0,0,0,0,0,0,0,0,0,0,0,0,0,0,0,3.175
VUXZEU,#N/A,#N/A,#N/A,#N/A,#N/A,#N/A,#N/A,#N/A,#N/A,#N/A,#N/A,#N/A,#N/A,#N/A,#N/A,#N/A,#N/A,#N/A,#N/A,#N/A,#N/A,#N/A,#N/A,#N/A,#N/A,#N/A,#N/A,#N/A,#N/A,#N/A,#N/A,#N/A,#N/A,#N/A,#N/A,#N/A,#N/A,#N/A,#N/A,#N/A,#N/A,#N/A,#N/A,#N/A,#N/A,No bandgap located
WODZEV,#N/A,#N/A,#N/A,#N/A,#N/A,#N/A,#N/A,#N/A,#N/A,#N/A,#N/A,#N/A,#N/A,#N/A,#N/A,#N/A,#N/A,#N/A,#N/A,#N/A,#N/A,#N/A,#N/A,#N/A,#N/A,#N/A,#N/A,#N/A,#N/A,#N/A,#N/A,#N/A,#N/A,#N/A,#N/A,#N/A,#N/A,#N/A,#N/A,#N/A,#N/A,#N/A,#N/A,#N/A,#N/A,2.655
WOFZAU,5,17.7,5.2,0.1,0,0,3.1,0,36.2,11.2,0,15.1,3.7,0,0,0,0,0,0,2.6,0,0,0,0,0,0,0,0,0,0,0,0,0,0,0,0,0,0,0,0,0,0,0,0,0,2.517
WOLWIE,#N/A,#N/A,#N/A,#N/A,#N/A,#N/A,#N/A,#N/A,#N/A,#N/A,#N/A,#N/A,#N/A,#N/A,#N/A,#N/A,#N/A,#N/A,#N/A,#N/A,#N/A,#N/A,#N/A,#N/A,#N/A,#N/A,#N/A,#N/A,#N/A,#N/A,#N/A,#N/A,#N/A,#N/A,#N/A,#N/A,#N/A,#N/A,#N/A,#N/A,#N/A,#N/A,#N/A,#N/A,#N/A,3.095
XARHEE,#N/A,#N/A,#N/A,#N/A,#N/A,#N/A,#N/A,#N/A,#N/A,#N/A,#N/A,#N/A,#N/A,#N/A,#N/A,#N/A,#N/A,#N/A,#N/A,#N/A,#N/A,#N/A,#N/A,#N/A,#N/A,#N/A,#N/A,#N/A,#N/A,#N/A,#N/A,#N/A,#N/A,#N/A,#N/A,#N/A,#N/A,#N/A,#N/A,#N/A,#N/A,#N/A,#N/A,#N/A,#N/A,1.681
XARHOO,#N/A,#N/A,#N/A,#N/A,#N/A,#N/A,#N/A,#N/A,#N/A,#N/A,#N/A,#N/A,#N/A,#N/A,#N/A,#N/A,#N/A,#N/A,#N/A,#N/A,#N/A,#N/A,#N/A,#N/A,#N/A,#N/A,#N/A,#N/A,#N/A,#N/A,#N/A,#N/A,#N/A,#N/A,#N/A,#N/A,#N/A,#N/A,#N/A,#N/A,#N/A,#N/A,#N/A,#N/A,#N/A,1.449
XUVTAK,1.2,11.7,0,0,2.9,10.2,5.6,16,22.6,0,9.4,0,17.3,0,0,0,0,0,0.1,0,1,0,0,0,0,1.3,0.6,0.4,0,0,0,0,0,0,0,0,0,0,0,0,0,0,0,0,0,2.56
XUYBEZ,8.2,11.5,0,0,0,0,4.9,0,26.7,0,0,0,21.4,0,0,0,0,0,0,0,0,0,0,0,0,0,0,0,0,0,0,0,0,0,0,0,2.9,0,0,0,0,0,1.2,8.8,14.3,2.817
YAWKOY,#N/A,#N/A,#N/A,#N/A,#N/A,#N/A,#N/A,#N/A,#N/A,#N/A,#N/A,#N/A,#N/A,#N/A,#N/A,#N/A,#N/A,#N/A,#N/A,#N/A,#N/A,#N/A,#N/A,#N/A,#N/A,#N/A,#N/A,#N/A,#N/A,#N/A,#N/A,#N/A,#N/A,#N/A,#N/A,#N/A,#N/A,#N/A,#N/A,#N/A,#N/A,#N/A,#N/A,#N/A,#N/A,2.634
YIDLOO,#N/A,#N/A,#N/A,#N/A,#N/A,#N/A,#N/A,#N/A,#N/A,#N/A,#N/A,#N/A,#N/A,#N/A,#N/A,#N/A,#N/A,#N/A,#N/A,#N/A,#N/A,#N/A,#N/A,#N/A,#N/A,#N/A,#N/A,#N/A,#N/A,#N/A,#N/A,#N/A,#N/A,#N/A,#N/A,#N/A,#N/A,#N/A,#N/A,#N/A,#N/A,#N/A,#N/A,#N/A,#N/A,3.855
YILMUD,#N/A,#N/A,#N/A,#N/A,#N/A,#N/A,#N/A,#N/A,#N/A,#N/A,#N/A,#N/A,#N/A,#N/A,#N/A,#N/A,#N/A,#N/A,#N/A,#N/A,#N/A,#N/A,#N/A,#N/A,#N/A,#N/A,#N/A,#N/A,#N/A,#N/A,#N/A,#N/A,#N/A,#N/A,#N/A,#N/A,#N/A,#N/A,#N/A,#N/A,#N/A,#N/A,#N/A,#N/A,#N/A,2.264
YUDKIT,16,15,0.4,0,0,0,8.1,0,35.9,0,0,13.9,8.5,0,0,0,0,0,0.5,0.9,0,0,0.7,0,0,0,0,0,0,0,0,0,0,0,0,0,0,0,0,0,0,0,0,0,0,1.782
PAMCEN,#N/A,#N/A,#N/A,#N/A,#N/A,#N/A,#N/A,#N/A,#N/A,#N/A,#N/A,#N/A,#N/A,#N/A,#N/A,#N/A,#N/A,#N/A,#N/A,#N/A,#N/A,#N/A,#N/A,#N/A,#N/A,#N/A,#N/A,#N/A,#N/A,#N/A,#N/A,#N/A,#N/A,#N/A,#N/A,#N/A,#N/A,#N/A,#N/A,#N/A,#N/A,#N/A,#N/A,#N/A,#N/A,1.671
PAMZUZ,2.5,14.2,6.2,0,4.5,4.9,3.4,10.9,7.3,0,2.4,16,2.6,0,0,0,0,0,0,4.1,1.5,1.8,0,0,0.7,10.1,3.7,3.4,0,0,0,0,0,0,0,0,0,0,0,0,0,0,0,0,0,Not Found
PAWKUV,15.4,12,0,0,0,0,3.7,0,41,0,0,0,10.6,0,0,0,0,0,0.8,0,0,0,0,0,0,0,0,0,1.9,0,1.4,13.1,0,0,0,0,0,0,0,0,0,0,0,0,0,2.427
PEYFEF,#N/A,#N/A,#N/A,#N/A,#N/A,#N/A,#N/A,#N/A,#N/A,#N/A,#N/A,#N/A,#N/A,#N/A,#N/A,#N/A,#N/A,#N/A,#N/A,#N/A,#N/A,#N/A,#N/A,#N/A,#N/A,#N/A,#N/A,#N/A,#N/A,#N/A,#N/A,#N/A,#N/A,#N/A,#N/A,#N/A,#N/A,#N/A,#N/A,#N/A,#N/A,#N/A,#N/A,#N/A,#N/A,2.607
PHALIM04,11.8,12.5,0,4.4,0,0,2,0,23.8,42.4,0,0,1.6,0,0.4,0,0,1,0,0,0,0,0,0,0,0,0,0,0,0,0,0,0,0,0,0,0,0,0,0,0,0,0,0,0,2.691
PHENAZ01,#N/A,#N/A,#N/A,#N/A,#N/A,#N/A,#N/A,#N/A,#N/A,#N/A,#N/A,#N/A,#N/A,#N/A,#N/A,#N/A,#N/A,#N/A,#N/A,#N/A,#N/A,#N/A,#N/A,#N/A,#N/A,#N/A,#N/A,#N/A,#N/A,#N/A,#N/A,#N/A,#N/A,#N/A,#N/A,#N/A,#N/A,#N/A,#N/A,#N/A,#N/A,#N/A,#N/A,#N/A,#N/A,1.896
PIDGOZ01,9.9,8.5,0,4.4,0,0,0,0,10.2,17.3,0,0,0,0,0.5,0,0,0,0,0,0,0,0,0,0,0,0,0,7.7,6,4.2,31.4,0,0,0,0,0,0,0,0,0,0,0,0,0,2.954
PIMRIO,17.6,14.2,0,0,0,1.8,2.7,23.9,29,0,0,0,5.7,0,0,0,0,0,0.6,0,0,0,0,0,0,0,0,4.6,0,0,0,0,0,0,0,0,0,0,0,0,0,0,0,0,0,1.623
PITBIF,13.4,14.3,2.8,3.8,0,0,0,0,36.7,15.6,0,12,0,0,1.4,0,0,0,0,0.1,0,0,0,0,0,0,0,0,0,0,0,0,0,0,0,0,0,0,0,0,0,0,0,0,0,2.661
PODJUP,9.7,11.5,2,3.2,0,0,0,0,9.9,17.3,0,14.9,0,0,0,0,0,0,0,7.3,0,0,0,0,0,0,0,0,0.7,2,0.8,18.3,0,2.5,0,0,0,0,0,0,0,0,0,0,0,No bandgap located
PORRAQ,0.1,29.1,0,0,0,13,0,14.1,40.2,0,0,0,0,0,0,0,0,0,0,0,0,0,0,0,0,0,0,3.5,0,0,0,0,0,0,0,0,0,0,0,0,0,0,0,0,0,No bandgap located
POZLUM,5,11.8,0,1.5,2.2,0,2.3,0,25.5,18.4,17.1,0,11.2,0,0,1.4,0,0,0.7,0,2.5,0.4,0,0,0,0,0,0,0,0,0,0,0,0,0,0,0,0,0,0,0,0,0,0,0,1.696
PUVMAV01,0.1,43.4,0,0,3.4,0,0,0,18.9,0,4.9,0,0,0,0,0,0,0,0,0,0,0.8,0,0,0,0,0,0,17.7,0,0.6,10.1,0,0,0,0,0,0,0,0,0,0,0,0,0,1.798
QAJPAU,8.7,12.3,1.4,3.8,0,0,1.2,0,24.5,20.2,0,22.5,1.8,0,0.7,0,0,0,0,2,0,0,0.9,0,0,0,0,0,0,0,0,0,0,0,0,0,0,0,0,0,0,0,0,0,0,2.427
